Date,Price,Open,High,Low,Vol.,return,log return
1/4/2021,16.47,16.83,16.87,16.39,93.52K,-1.61%,0.0000%
1/5/2021,16.43,16.45,16.54,16.33,86.78K,-0.24%,-3.4104%
1/6/2021,17,16.53,17.02,16.52,160.16K,3.47%,-0.1763%
1/7/2021,17.03,17,17.12,16.75,88.48K,0.18%,1.1219%
1/8/2021,16.84,16.99,17.07,16.61,59.16K,-1.12%,0.8947%
1/11/2021,16.69,16.71,16.94,16.54,49.44K,-0.89%,0.8424%
1/12/2021,16.55,16.79,16.79,16.47,60.71K,-0.84%,0.9105%
1/13/2021,16.4,16.53,16.6,16.34,74.19K,-0.91%,-0.3044%
1/14/2021,16.45,16.49,16.6,16.4,79.65K,0.30%,1.0388%
1/15/2021,16.28,16.46,16.46,16.17,82.25K,-1.03%,1.5475%
1/19/2021,16.03,16.37,16.39,15.97,226.56K,-1.54%,-0.4978%
1/20/2021,16.11,16.15,16.32,16.1,77.56K,0.50%,1.3750%
1/21/2021,15.89,15.97,16.18,15.79,145.13K,-1.37%,3.3272%
1/22/2021,15.37,15.74,15.86,15.26,136.98K,-3.27%,0.5219%
1/25/2021,15.29,15.07,15.36,14.58,256.15K,-0.52%,0.7220%
1/26/2021,15.18,14.8,15.27,14.65,264.33K,-0.72%,2.7381%
1/27/2021,14.77,14.94,15.14,14.6,244.22K,-2.70%,1.2262%
1/28/2021,14.59,14.71,14.87,14.52,192.18K,-1.22%,1.2414%
1/29/2021,14.41,14.64,14.7,14.26,127.47K,-1.23%,-2.3998%
2/1/2021,14.76,14.5,14.82,14.41,92.26K,2.43%,-3.3969%
2/2/2021,15.27,14.99,15.33,14.9,126.15K,3.46%,0.5911%
2/3/2021,15.18,15.27,15.31,15.04,83.73K,-0.59%,-2.2151%
2/4/2021,15.52,15.26,15.71,15.22,74.41K,2.24%,-3.2332%
2/5/2021,16.03,15.85,16.18,15.68,157.13K,3.29%,-1.4246%
2/8/2021,16.26,16.18,16.37,16.11,106.57K,1.43%,2.0504%
2/9/2021,15.93,16.19,16.24,15.76,79.20K,-2.03%,0.6929%
2/10/2021,15.82,16.07,16.07,15.75,71.20K,-0.69%,0.7614%
2/11/2021,15.7,15.81,15.83,15.6,71.38K,-0.76%,1.0243%
2/12/2021,15.54,15.7,15.78,15.52,78.09K,-1.02%,-6.2364%
2/16/2021,16.54,15.74,16.62,15.6,294.75K,6.44%,0.9721%
2/17/2021,16.38,16.37,16.46,15.96,173.71K,-0.97%,1.9729%
2/18/2021,16.06,16.43,16.44,15.97,103.16K,-1.95%,-1.4220%
2/19/2021,16.29,16.01,16.4,16.01,85.98K,1.43%,-4.8527%
2/22/2021,17.1,16.25,17.47,16.11,216.12K,4.97%,-1.3361%
2/23/2021,17.33,17.05,17.5,17.02,175.53K,1.35%,-0.6901%
2/24/2021,17.45,17.43,17.59,17.26,121.81K,0.69%,-0.7991%
2/25/2021,17.59,17.52,17.78,17.37,165.71K,0.80%,-7.0243%
2/26/2021,18.87,18.19,19.25,17.93,437.53K,7.28%,-0.1059%
3/1/2021,18.89,18.72,19.12,18,261.81K,0.11%,1.6009%
3/2/2021,18.59,19.03,19.39,18.24,681.04K,-1.59%,-4.9840%
3/3/2021,19.54,18.4,19.7,18.4,219.48K,5.11%,3.7012%
3/4/2021,18.83,19.46,19.6,18.61,141.42K,-3.63%,-5.0231%
3/5/2021,19.8,19,19.85,18.81,222.75K,5.15%,-1.0050%
3/8/2021,20,19.98,20,19.4,242.66K,1.01%,0.1501%
3/9/2021,19.97,20,20.22,19.91,122.98K,-0.15%,0.1503%
3/10/2021,19.94,20.05,20.14,19.71,144.51K,-0.15%,-0.9483%
3/11/2021,20.13,20.01,20.22,19.29,227.33K,0.95%,9.7498%
3/12/2021,18.26,18.3,18.44,17.72,2.19M,-9.29%,-2.7014%
3/15/2021,18.76,18.33,19,18.3,528.70K,2.74%,-0.6376%
3/16/2021,18.88,18.79,18.94,18.3,532.64K,0.64%,3.2843%
3/17/2021,18.27,18.9,18.9,18.14,205.91K,-3.23%,3.0002%
3/18/2021,17.73,18.22,18.28,17.72,194.63K,-2.96%,1.1344%
3/19/2021,17.53,17.75,17.99,17.48,171.59K,-1.13%,1.2052%
3/22/2021,17.32,17.66,17.9,17.25,179.12K,-1.20%,1.2199%
3/23/2021,17.11,17.31,17.45,17.09,276.07K,-1.21%,-0.9308%
3/24/2021,17.27,17.14,18.37,16.61,2.53M,0.94%,2.6997%
3/25/2021,16.81,17.03,17.03,16.41,302.92K,-2.66%,4.0054%
3/26/2021,16.15,16.72,16.72,15.91,301.20K,-3.93%,1.2461%
3/29/2021,15.95,16.05,16.26,15.87,191.43K,-1.24%,0.9449%
3/30/2021,15.8,15.93,16.2,15.79,382.65K,-0.94%,0.3805%
3/31/2021,15.74,15.81,16.08,15.65,198.48K,-0.38%,-3.1272%
4/1/2021,16.24,15.72,16.28,15.7,327.60K,3.18%,-0.4914%
4/5/2021,16.32,16.54,16.68,16.02,252.86K,0.49%,-2.6604%
4/6/2021,16.76,16.32,16.86,16.32,353.55K,2.70%,0.0000%
4/7/2021,16.76,17.1,17.17,16.66,507.18K,0.00%,1.5635%
4/8/2021,16.5,16.76,17.01,16.43,321.12K,-1.55%,-0.1211%
4/9/2021,16.52,16.46,16.64,16.25,231.26K,0.12%,0.8511%
4/12/2021,16.38,16.72,16.72,16.14,268.66K,-0.85%,0.7968%
4/13/2021,16.25,16.32,16.48,16.1,238.25K,-0.79%,1.2384%
4/14/2021,16.05,16.2,16.4,16.02,303.07K,-1.23%,-1.5456%
4/15/2021,16.3,16.24,16.53,16.11,300.08K,1.56%,0.8007%
4/16/2021,16.17,16.38,16.43,16.05,143.14K,-0.80%,-6.5234%
4/19/2021,17.26,17.6,17.95,17.13,1.56M,6.74%,6.2147%
4/20/2021,16.22,17.16,17.55,16.01,827.20K,-6.03%,-1.9537%
4/21/2021,16.54,16.22,16.55,16.07,577.63K,1.97%,1.4003%
4/22/2021,16.31,16.65,16.68,16.14,336.57K,-1.39%,0.6767%
4/23/2021,16.2,16.29,16.52,16.11,268.71K,-0.67%,-4.1710%
4/26/2021,16.89,16.36,16.91,16.25,321.37K,4.26%,0.8921%
4/27/2021,16.74,16.89,16.98,16.63,205.14K,-0.89%,-2.7108%
4/28/2021,17.2,16.71,17.2,16.56,368.45K,2.75%,-3.0913%
4/29/2021,17.74,17.2,17.82,17.2,516.04K,3.14%,0.0564%
4/30/2021,17.73,17.73,17.84,17.55,282.50K,-0.06%,1.4773%
5/3/2021,17.47,17.64,17.71,17.26,220.60K,-1.47%,1.9070%
5/4/2021,17.14,17.47,17.5,17.02,267.95K,-1.89%,2.4809%
5/5/2021,16.72,17.15,17.32,16.72,155.20K,-2.45%,1.3851%
5/6/2021,16.49,16.68,16.88,16.37,253.15K,-1.38%,-0.9055%
5/7/2021,16.64,16.49,16.81,16.43,184.03K,0.91%,3.4233%
5/10/2021,16.08,16.68,16.75,16.08,208.62K,-3.37%,0.6238%
5/11/2021,15.98,15.86,16.04,15.6,509.40K,-0.62%,3.0498%
5/12/2021,15.5,15.95,15.98,15.34,264.26K,-3.00%,1.0376%
5/13/2021,15.34,15.54,15.74,15.03,268.82K,-1.03%,-2.9546%
5/14/2021,15.8,15.75,16.11,15.56,318.81K,3.00%,-0.6309%
5/17/2021,15.9,15.68,16.07,15.5,353.04K,0.63%,0.1259%
5/18/2021,15.88,15.89,16.06,15.73,252.49K,-0.13%,1.6508%
5/19/2021,15.62,15.63,15.77,15.5,260.03K,-1.64%,0.2564%
5/20/2021,15.58,15.78,15.78,15.51,227.71K,-0.26%,0.2571%
5/21/2021,15.54,15.7,15.77,15.47,199.30K,-0.26%,-0.8969%
5/24/2021,15.68,15.63,15.85,15.57,306.57K,0.90%,0.8325%
5/25/2021,15.55,15.65,16.13,15.52,265.40K,-0.83%,-2.7903%
5/26/2021,15.99,15.68,16.07,15.57,324.60K,2.83%,1.0689%
5/27/2021,15.82,15.79,15.87,15.51,266.85K,-1.06%,1.2083%
5/28/2021,15.63,15.89,15.95,15.54,226.02K,-1.20%,-0.1279%
6/1/2021,15.65,15.73,15.99,15.63,214.60K,0.13%,0.0000%
6/2/2021,15.65,15.76,15.78,15.42,1.10M,0.00%,-1.7105%
6/3/2021,15.92,15.47,16.1,15.34,854.60K,1.73%,1.7105%
6/4/2021,15.65,15.86,15.99,15.56,369.11K,-1.70%,-0.0639%
6/7/2021,15.66,15.71,16.02,15.59,253.09K,0.06%,-0.7634%
6/8/2021,15.78,15.78,15.83,15.55,190.13K,0.77%,0.8272%
6/9/2021,15.65,15.74,15.75,15.56,162.02K,-0.82%,-0.2553%
6/10/2021,15.69,15.74,15.85,15.63,188.17K,0.26%,-0.3817%
6/11/2021,15.75,15.84,15.9,15.67,156.22K,0.38%,1.6000%
6/14/2021,15.5,15.82,15.85,15.49,154.39K,-1.59%,0.2584%
6/15/2021,15.46,15.41,15.54,15.39,198.80K,-0.26%,0.0000%
6/16/2021,15.46,15.46,15.51,15.39,153.21K,0.00%,0.1942%
6/17/2021,15.43,15.48,15.56,15.39,261.35K,-0.19%,-0.7104%
6/18/2021,15.54,15.4,15.61,15.4,441.41K,0.71%,0.2577%
6/21/2021,15.5,15.4,15.78,15.4,337.58K,-0.26%,0.5823%
6/22/2021,15.41,15.4,15.5,15.39,362.11K,-0.58%,-0.3886%
6/23/2021,15.47,15.47,15.51,15.4,203.07K,0.39%,-0.1937%
6/24/2021,15.5,15.55,15.55,15.4,194.53K,0.19%,-0.1934%
6/25/2021,15.53,15.51,15.63,15.47,101.22K,0.19%,1.7539%
6/28/2021,15.26,15.46,15.46,15.18,524.56K,-1.74%,0.3282%
6/29/2021,15.21,15.25,15.36,15.16,135.33K,-0.33%,0.1316%
6/30/2021,15.19,15.16,15.23,15.03,242.61K,-0.13%,-0.6562%
7/1/2021,15.29,15.3,15.37,15.11,361.36K,0.66%,-0.2613%
7/2/2021,15.33,15.36,15.36,15.25,106.63K,0.26%,1.5779%
7/6/2021,15.09,15.38,15.4,15.01,191.11K,-1.57%,0.9990%
7/7/2021,14.94,15.09,15.09,14.86,439.62K,-0.99%,0.2010%
7/8/2021,14.91,14.71,14.94,14.71,225.44K,-0.20%,-0.7351%
7/9/2021,15.02,14.76,15.08,14.76,158.03K,0.74%,-0.1995%
7/12/2021,15.05,14.83,15.07,14.83,99.83K,0.20%,1.2705%
7/13/2021,14.86,15.01,15.01,14.77,168.59K,-1.26%,-1.0044%
7/14/2021,15.01,14.92,15.09,14.86,268.30K,1.01%,-0.5978%
7/15/2021,15.1,15.03,15.13,14.84,170.80K,0.60%,0.0000%
7/16/2021,15.1,15.14,15.23,15.02,201.20K,0.00%,2.4130%
7/19/2021,14.74,15.03,15.03,14.54,1.29M,-2.38%,-2.1477%
7/20/2021,15.06,14.65,15.18,14.49,570.72K,2.17%,-3.5229%
7/21/2021,15.6,15.19,15.8,15.19,439.70K,3.59%,-0.9569%
7/22/2021,15.75,15.65,15.92,15.42,2.34M,0.96%,-0.9479%
7/23/2021,15.9,15.92,16.27,15.78,345.07K,0.95%,0.8844%
7/26/2021,15.76,15.9,15.95,15.52,306.16K,-0.88%,-0.2535%
7/27/2021,15.8,15.71,15.87,15.66,354.91K,0.25%,-0.8822%
7/28/2021,15.94,15.8,16.02,15.76,282.41K,0.89%,-0.1880%
7/29/2021,15.97,15.95,16,15.78,184.98K,0.19%,-0.6864%
7/30/2021,16.08,15.99,16.17,15.94,161.26K,0.69%,-0.4963%
8/2/2021,16.16,16.1,16.25,16.09,171.15K,0.50%,1.6220%
8/3/2021,15.9,16.1,16.15,15.75,207.76K,-1.61%,0.0000%
8/4/2021,15.9,15.69,16.09,15.69,125.78K,0.00%,-1.9926%
8/5/2021,16.22,15.9,16.26,15.88,171.75K,2.01%,-0.4920%
8/6/2021,16.3,16.43,16.43,16.12,144.18K,0.49%,0.4920%
8/9/2021,16.22,16.22,16.29,16.12,88.55K,-0.49%,-0.7983%
8/10/2021,16.35,16.3,16.42,16.17,132.28K,0.80%,-1.0344%
8/11/2021,16.52,16.4,16.57,16.3,163.78K,1.04%,-2.2742%
8/12/2021,16.9,16.66,16.92,16.51,371.67K,2.30%,-0.6488%
8/13/2021,17.01,16.89,17.05,16.8,324.36K,0.65%,0.0588%
8/16/2021,17,17.04,17.1,16.8,263.59K,-0.06%,0.8863%
8/17/2021,16.85,16.9,16.95,16.62,254.97K,-0.88%,-1.7648%
8/18/2021,17.15,16.78,17.22,16.75,150.78K,1.78%,0.2335%
8/19/2021,17.11,17.08,17.17,16.83,173.93K,-0.23%,-2.2538%
8/20/2021,17.5,17.11,17.53,17,254.17K,2.28%,-1.0233%
8/23/2021,17.68,17.48,17.74,17.45,226.13K,1.03%,-1.2367%
8/24/2021,17.9,17.72,17.93,17.65,216.62K,1.24%,3.4094%
8/25/2021,17.3,17.19,17.41,17.04,1.10M,-3.35%,0.1157%
8/26/2021,17.28,17.24,17.3,17,649.23K,-0.12%,-5.6805%
8/27/2021,18.29,17.38,19.15,17.31,2.42M,5.84%,4.1870%
8/30/2021,17.54,18.64,18.71,17.35,1.06M,-4.10%,1.7252%
8/31/2021,17.24,17.44,17.54,16.66,3.50M,-1.71%,-2.2370%
9/1/2021,17.63,17.39,17.75,17.14,394.35K,2.26%,1.9474%
9/2/2021,17.29,17.85,17.9,17.25,232.91K,-1.93%,-0.0578%
9/3/2021,17.3,17.34,17.39,17.05,220.14K,0.06%,0.6961%
9/7/2021,17.18,17.33,17.36,16.92,339.04K,-0.69%,0.2915%
9/8/2021,17.13,17.17,17.53,17.11,258.60K,-0.29%,-0.8718%
9/9/2021,17.28,17.18,17.47,17.03,164.51K,0.88%,0.0000%
9/10/2021,17.28,17.35,17.46,17.25,197.85K,0.00%,-2.3450%
9/13/2021,17.69,17.6,17.82,17.45,418.52K,2.37%,-0.4512%
9/14/2021,17.77,17.7,18.04,17.62,450.88K,0.45%,1.4169%
9/15/2021,17.52,17.69,17.76,17.43,184.22K,-1.41%,-0.5692%
9/16/2021,17.62,17.48,17.74,17.37,225.05K,0.57%,-2.0781%
9/17/2021,17.99,17.62,18.12,17.59,523.49K,2.10%,1.1742%
9/20/2021,17.78,17.62,17.97,17.53,478.27K,-1.17%,-2.0045%
9/21/2021,18.14,17.84,18.36,17.72,359.98K,2.02%,-1.8028%
9/22/2021,18.47,18.3,18.57,18.25,245.63K,1.82%,-4.8094%
9/23/2021,19.38,18.53,19.49,18.53,426.14K,4.93%,-2.9990%
9/24/2021,19.97,19.38,20.13,19.24,452.45K,3.04%,-2.6194%
9/27/2021,20.5,19.79,20.86,19.7,749.18K,2.65%,4.0822%
9/28/2021,19.68,19.86,20.26,19.65,410.99K,-4.00%,0.2544%
9/29/2021,19.63,19.73,19.82,19.23,237.92K,-0.25%,1.3334%
9/30/2021,19.37,19.77,19.82,19.32,172.70K,-1.32%,-3.1006%
10/1/2021,19.98,19.46,20.08,19.46,156.72K,3.15%,1.5637%
10/4/2021,19.67,19.97,19.98,19.61,122.55K,-1.55%,0.2545%
10/5/2021,19.62,19.65,19.8,19.51,89.06K,-0.25%,14.6872%
10/6/2021,16.94,17.22,17.36,16.57,4.10M,-13.66%,0.2956%
10/7/2021,16.89,17.15,17.15,16.85,1.21M,-0.30%,2.5181%
10/8/2021,16.47,16.94,17.05,16.44,907.77K,-2.49%,2.5209%
10/11/2021,16.06,16.27,16.69,16.02,1.05M,-2.49%,-2.5816%
10/12/2021,16.48,16.03,16.5,15.93,871.59K,2.62%,0.1822%
10/13/2021,16.45,16.61,16.67,16.31,459.29K,-0.18%,-0.3641%
10/14/2021,16.51,16.59,16.65,16.34,221.86K,0.36%,-0.6039%
10/15/2021,16.61,16.47,16.64,16.43,358.66K,0.61%,-0.1203%
10/18/2021,16.63,16.5,16.68,16.38,415.55K,0.12%,0.3614%
10/19/2021,16.57,16.75,16.75,16.44,451.34K,-0.36%,0.0000%
10/20/2021,16.57,16.47,16.67,16.43,253.97K,0.00%,1.0312%
10/21/2021,16.4,16.64,16.75,16.33,197.06K,-1.03%,1.2270%
10/22/2021,16.2,16.31,16.37,16.06,204.09K,-1.22%,0.7435%
10/25/2021,16.08,16.06,16.16,15.83,695.11K,-0.74%,-0.8052%
10/26/2021,16.21,16.21,16.29,16.07,309.72K,0.81%,-0.2465%
10/27/2021,16.25,16.15,16.25,16.06,271.36K,0.25%,-0.3072%
10/28/2021,16.3,16.16,16.41,16.13,196.22K,0.31%,0.0614%
10/29/2021,16.29,16.25,16.37,16.2,197.04K,-0.06%,-1.8851%
11/1/2021,16.6,16.35,16.61,16.35,241.44K,1.90%,2.5009%
11/2/2021,16.19,16.61,16.61,16.09,374.11K,-2.47%,1.3682%
11/3/2021,15.97,16.07,16.09,15.75,344.85K,-1.36%,-0.1252%
11/4/2021,15.99,15.91,16.11,15.86,392.74K,0.13%,-2.1653%
11/5/2021,16.34,16.36,16.51,16.17,508.77K,2.19%,-0.4884%
11/8/2021,16.42,16.33,16.5,16.25,238.90K,0.49%,-0.0609%
11/9/2021,16.43,16.21,16.45,16.02,361.45K,0.06%,1.8428%
11/10/2021,16.13,16.41,16.42,16.1,226.75K,-1.83%,-0.4947%
11/11/2021,16.21,16.13,16.24,15.91,319.82K,0.50%,1.1790%
11/12/2021,16.02,16.23,16.23,15.93,233.64K,-1.17%,0.0000%
11/15/2021,16.02,16.09,16.22,16,344.90K,0.00%,0.7519%
11/16/2021,15.9,16.06,16.07,15.73,1.19M,-0.75%,-0.1257%
11/17/2021,15.92,15.88,16.01,15.62,484.62K,0.13%,1.2006%
11/18/2021,15.73,15.66,15.99,15.57,987.68K,-1.19%,0.8299%
11/19/2021,15.6,15.74,15.83,15.52,232.44K,-0.83%,0.5141%
11/22/2021,15.52,15.73,15.88,15.47,873.35K,-0.51%,-1.0894%
11/23/2021,15.69,16,16.47,15.6,1.20M,1.10%,1.6710%
11/24/2021,15.43,15.61,15.71,15.38,705.51K,-1.66%,-0.3881%
11/26/2021,15.49,15.14,15.66,15.11,586.34K,0.39%,0.2586%
11/29/2021,15.45,15.61,15.66,15.24,722.12K,-0.26%,0.2592%
11/30/2021,15.41,15.25,15.56,14.94,3.23M,-0.26%,3.6344%
12/1/2021,14.86,15.41,15.63,14.67,742.18K,-3.57%,-0.4030%
12/2/2021,14.92,14.97,15.17,14.84,492.93K,0.40%,0.0000%
12/3/2021,14.92,14.94,15.06,14.71,402.18K,0.00%,-0.6680%
12/6/2021,15.02,14.97,15.25,14.92,378.42K,0.67%,-2.0429%
12/7/2021,15.33,15.13,15.44,15.06,342.23K,2.06%,0.7859%
12/8/2021,15.21,15.36,15.43,15.13,252.20K,-0.78%,1.3236%
12/9/2021,15.01,15.16,15.27,14.76,406.17K,-1.31%,1.7474%
12/10/2021,14.75,14.95,15,14.69,308.58K,-1.73%,2.1241%
12/13/2021,14.44,14.82,14.82,14.32,435.20K,-2.10%,1.4650%
12/14/2021,14.23,14.43,14.46,14.1,431.57K,-1.45%,1.4868%
12/15/2021,14.02,14.18,14.21,13.88,617.37K,-1.48%,0.7158%
12/16/2021,13.92,14.04,14.23,13.89,685.22K,-0.71%,-0.4301%
12/17/2021,13.98,13.96,14.03,13.81,465.26K,0.43%,0.0000%
12/20/2021,13.98,13.9,14.02,13.75,616.58K,0.00%,-0.7128%
12/21/2021,14.08,14.12,14.31,14,345.25K,0.72%,0.4270%
12/22/2021,14.02,14.1,14.14,13.96,238.46K,-0.43%,-1.4868%
12/23/2021,14.23,14.05,14.33,14.02,281.24K,1.50%,-1.2570%
12/27/2021,14.41,14.3,14.44,14.12,350.53K,1.26%,-0.1387%
12/28/2021,14.43,14.48,14.67,14.4,315.50K,0.14%,1.3957%
12/29/2021,14.23,14.4,14.41,14.18,337.39K,-1.39%,-0.2106%
12/30/2021,14.26,14.18,14.43,14.18,251.32K,0.21%,0.1404%
12/31/2021,14.24,14.31,14.35,14.08,415.28K,-0.14%,-3.0431%
1/3/2022,14.68,14.26,14.68,14.25,303.75K,3.09%,0.1363%
1/4/2022,14.66,14.76,14.81,14.6,256.56K,-0.14%,0.3416%
1/5/2022,14.61,14.65,14.78,14.52,380.94K,-0.34%,-1.8312%
1/6/2022,14.88,14.58,15.05,14.56,382.53K,1.85%,0.8097%
1/7/2022,14.76,14.88,14.94,14.71,356.09K,-0.81%,0.3393%
1/10/2022,14.71,14.72,14.92,14.45,306.53K,-0.34%,-0.6775%
1/11/2022,14.81,14.77,14.83,14.68,192.13K,0.68%,0.9498%
1/12/2022,14.67,14.85,15.01,14.66,231.83K,-0.95%,1.1656%
1/13/2022,14.5,14.6,14.77,14.45,254.76K,-1.16%,2.3022%
1/14/2022,14.17,14.54,14.6,14.08,369.20K,-2.28%,0.7793%
1/18/2022,14.06,14.08,14.39,14.04,363.57K,-0.78%,0.7854%
1/19/2022,13.95,14.05,14.19,13.89,408.08K,-0.78%,1.6625%
1/20/2022,13.72,13.92,14.01,13.69,400.92K,-1.65%,1.5424%
1/21/2022,13.51,13.61,13.68,13.36,364.02K,-1.53%,-0.0740%
1/24/2022,13.52,13.35,13.54,13.1,629.62K,0.07%,2.0173%
1/25/2022,13.25,13.4,13.48,13.11,404.71K,-2.00%,0.3023%
1/26/2022,13.21,13.28,13.44,13.13,417.15K,-0.30%,-1.5772%
1/27/2022,13.42,13.25,13.5,13.2,255.70K,1.59%,-0.8902%
1/28/2022,13.54,13.43,13.54,13.27,224.82K,0.89%,-1.3935%
1/31/2022,13.73,13.62,13.81,13.57,166.59K,1.40%,-0.2183%
2/1/2022,13.76,13.8,13.83,13.63,168.95K,0.22%,0.5831%
2/2/2022,13.68,13.7,13.74,13.46,393.63K,-0.58%,1.2505%
2/3/2022,13.51,13.52,13.61,13.47,154.25K,-1.24%,0.0000%
2/4/2022,13.51,13.5,13.57,13.39,178.59K,0.00%,-0.3694%
2/7/2022,13.56,13.45,13.57,13.34,136.70K,0.37%,-0.9541%
2/8/2022,13.69,13.63,13.72,13.52,177.72K,0.96%,-0.4373%
2/9/2022,13.75,13.75,13.84,13.67,245.46K,0.44%,-2.3717%
2/10/2022,14.08,13.7,14.11,13.69,255.00K,2.40%,1.6470%
2/11/2022,13.85,14.07,14.19,13.81,251.56K,-1.63%,2.4855%
2/14/2022,13.51,13.76,14,13.49,367.75K,-2.45%,-0.6640%
2/15/2022,13.6,13.52,13.74,13.44,544.45K,0.67%,-0.0735%
2/16/2022,13.61,13.59,13.82,13.49,337.14K,0.07%,2.1538%
2/17/2022,13.32,13.52,13.73,13.24,300.38K,-2.13%,-0.1500%
2/18/2022,13.34,13.42,13.42,13.18,304.96K,0.15%,0.6769%
2/22/2022,13.25,13.25,13.45,13.15,362.30K,-0.67%,0.6816%
2/23/2022,13.16,13.34,13.58,13.13,449.13K,-0.68%,0.4570%
2/24/2022,13.1,12.99,13.17,12.82,345.79K,-0.46%,-1.3647%
2/25/2022,13.28,13.07,13.38,13.01,319.33K,1.37%,-1.2720%
2/28/2022,13.45,13.21,13.46,12.95,427.05K,1.28%,4.7973%
3/1/2022,12.82,13.28,13.43,12.76,1.06M,-4.68%,-0.6221%
3/2/2022,12.9,12.88,13.03,12.73,523.42K,0.62%,0.7001%
3/3/2022,12.81,12.9,13,12.71,755.29K,-0.70%,3.7380%
3/4/2022,12.34,12.66,12.88,12.16,949.68K,-3.67%,0.9772%
3/7/2022,12.22,12.27,12.59,12.04,828.20K,-0.97%,-0.8150%
3/8/2022,12.32,12.2,12.55,12.16,346.58K,0.82%,-1.0497%
3/9/2022,12.45,12.45,12.63,12.36,357.60K,1.06%,-1.8305%
3/10/2022,12.68,12.4,12.77,12.31,344.11K,1.85%,0.6329%
3/11/2022,12.6,12.69,12.77,12.55,277.82K,-0.63%,0.4773%
3/14/2022,12.54,12.64,12.8,12.51,292.94K,-0.48%,0.2395%
3/15/2022,12.51,12.67,12.76,12.4,188.13K,-0.24%,-0.6375%
3/16/2022,12.59,12.45,12.76,12.43,458.45K,0.64%,-1.6542%
3/17/2022,12.8,12.54,12.82,12.42,263.06K,1.67%,-2.6216%
3/18/2022,13.14,12.88,13.18,12.8,610.69K,2.66%,-4.2464%
3/21/2022,13.71,13.6,14.02,13.52,949.55K,4.34%,-0.7267%
3/22/2022,13.81,13.74,14.01,13.71,479.63K,0.73%,-0.1447%
3/23/2022,13.83,13.65,13.98,13.62,417.16K,0.14%,0.0000%
3/24/2022,13.83,13.87,14.01,13.68,246.09K,0.00%,-2.8512%
3/25/2022,14.23,13.79,14.32,13.67,2.45M,2.89%,-2.9088%
3/28/2022,14.65,14.22,14.77,14.22,565.33K,2.95%,0.1366%
3/29/2022,14.63,14.7,14.78,14.45,345.28K,-0.14%,0.8236%
3/30/2022,14.51,14.55,14.74,14.46,308.08K,-0.82%,0.2761%
3/31/2022,14.47,14.5,14.59,14.39,181.88K,-0.28%,-1.5770%
4/1/2022,14.7,14.57,14.79,14.51,256.86K,1.59%,0.7511%
4/4/2022,14.59,14.7,14.79,14.52,895.42K,-0.75%,1.2414%
4/5/2022,14.41,14.59,14.76,14.27,358.54K,-1.23%,-0.5536%
4/6/2022,14.49,14.16,14.58,14.13,900.87K,0.56%,-1.3708%
4/7/2022,14.69,14.48,14.77,14.43,400.26K,1.38%,-0.2040%
4/8/2022,14.72,14.67,14.78,14.51,444.46K,0.20%,3.8786%
4/11/2022,14.16,14.7,14.7,14.13,228.14K,-3.80%,1.4942%
4/12/2022,13.95,14.16,14.26,13.95,249.47K,-1.48%,-0.6431%
4/13/2022,14.04,14.02,14.06,13.9,457.47K,0.65%,1.0022%
4/14/2022,13.9,14.11,14.11,13.87,183.53K,-1.00%,-0.6454%
4/18/2022,13.99,13.84,14.01,13.8,244.46K,0.65%,0.3580%
4/19/2022,13.94,14.04,14.04,13.88,229.03K,-0.36%,-0.9282%
4/20/2022,14.07,13.97,14.09,13.88,279.21K,0.93%,1.9376%
4/21/2022,13.8,14.12,14.14,13.77,695.13K,-1.92%,2.7922%
4/22/2022,13.42,13.73,13.8,13.4,252.22K,-2.75%,-2.5020%
4/25/2022,13.76,13.35,13.78,13.31,396.07K,2.53%,3.0999%
4/26/2022,13.34,13.72,13.72,13.34,211.20K,-3.05%,-0.1498%
4/27/2022,13.36,13.41,13.44,13.2,279.81K,0.15%,-0.5970%
4/28/2022,13.44,13.42,13.5,13.16,191.09K,0.60%,-0.7413%
4/29/2022,13.54,13.44,13.85,13.43,411.61K,0.74%,-3.1264%
5/2/2022,13.97,13.62,14.18,13.62,845.67K,3.18%,-1.4920%
5/3/2022,14.18,14.04,14.27,13.9,431.32K,1.50%,-0.2113%
5/4/2022,14.21,14.17,14.23,13.81,369.70K,0.21%,0.5646%
5/5/2022,14.13,14.13,14.18,13.92,370.99K,-0.56%,2.2183%
5/6/2022,13.82,14.15,14.15,13.71,352.49K,-2.19%,4.7416%
5/9/2022,13.18,13.6,13.7,13.08,572.14K,-4.63%,-1.5061%
5/10/2022,13.38,13.2,13.44,13.06,507.40K,1.52%,1.9623%
5/11/2022,13.12,13.4,13.59,13.04,271.77K,-1.94%,0.0000%
5/12/2022,13.12,13.04,13.32,12.96,259.13K,0.00%,-0.9860%
5/13/2022,13.25,13.23,13.33,13.09,289.46K,0.99%,1.6743%
5/16/2022,13.03,13.13,13.24,12.84,287.04K,-1.66%,-1.9005%
5/17/2022,13.28,13.16,13.31,13.16,221.99K,1.92%,2.1310%
5/18/2022,13,13.18,13.31,12.91,275.88K,-2.11%,-0.4605%
5/19/2022,13.06,12.93,13.12,12.89,165.48K,0.46%,0.0000%
5/20/2022,13.06,13.17,13.19,12.84,263.68K,0.00%,0.7686%
5/23/2022,12.96,13.13,13.13,12.8,602.30K,-0.77%,3.1351%
5/24/2022,12.56,13,13,12.35,486.81K,-3.09%,-3.5201%
5/25/2022,13.01,12.54,13.02,12.53,322.26K,3.58%,3.8391%
5/26/2022,12.52,12.25,12.62,10.51,3.46M,-3.77%,-0.7163%
5/27/2022,12.61,12.6,12.64,12.09,1.16M,0.72%,-1.1825%
5/31/2022,12.76,12.71,12.92,12.19,897.16K,1.19%,1.5798%
6/1/2022,12.56,12.82,12.91,12.52,5.19M,-1.57%,-0.1591%
6/2/2022,12.58,12.59,12.83,12.44,546.11K,0.16%,2.8216%
6/3/2022,12.23,12.37,12.53,12.12,470.12K,-2.78%,-0.8954%
6/6/2022,12.34,12.26,12.41,12.16,513.28K,0.90%,-0.1619%
6/7/2022,12.36,12.3,12.4,12.2,369.50K,0.16%,-0.6452%
6/8/2022,12.44,12.37,12.49,12.28,503.39K,0.65%,3.0194%
6/9/2022,12.07,12.47,12.47,12.07,454.16K,-2.97%,4.2307%
6/10/2022,11.57,12,12.08,11.52,457.81K,-4.14%,4.4177%
6/13/2022,11.07,11.4,11.46,10.99,605.08K,-4.32%,2.2842%
6/14/2022,10.82,11.17,11.25,10.69,833.69K,-2.26%,-1.3768%
6/15/2022,10.97,10.94,11.1,10.83,840.03K,1.39%,2.1189%
6/16/2022,10.74,10.8,10.93,10.6,790.89K,-2.10%,-6.4015%
6/17/2022,11.45,10.72,11.47,10.67,890.24K,6.61%,-1.3877%
6/21/2022,11.61,11.51,11.77,11.51,382.53K,1.40%,0.9520%
6/22/2022,11.5,11.49,11.64,11.49,298.82K,-0.95%,0.5231%
6/23/2022,11.44,11.51,11.65,11.36,642.26K,-0.52%,-1.1300%
6/24/2022,11.57,11.55,11.73,11.49,416.04K,1.14%,1.6558%
6/27/2022,11.38,11.6,11.69,11.31,291.71K,-1.64%,0.1759%
6/28/2022,11.36,11.45,11.58,11.33,303.40K,-0.18%,0.7954%
6/29/2022,11.27,11.37,11.37,11.11,184.69K,-0.79%,1.3399%
6/30/2022,11.12,11.21,11.24,11.04,162.87K,-1.33%,1.0850%
7/1/2022,11,11.12,11.19,10.9,299.43K,-1.08%,-0.5440%
7/5/2022,11.06,10.89,11.08,10.64,522.20K,0.55%,2.3789%
7/6/2022,10.8,11.02,11.14,10.8,165.73K,-2.35%,-0.4619%
7/7/2022,10.85,10.85,10.94,10.77,261.03K,0.46%,1.1122%
7/8/2022,10.73,10.84,10.87,10.69,367.42K,-1.11%,2.0716%
7/11/2022,10.51,10.7,10.74,10.41,326.44K,-2.05%,-1.6046%
7/12/2022,10.68,10.48,10.76,10.48,287.53K,1.62%,0.4693%
7/13/2022,10.63,10.64,10.66,10.44,166.50K,-0.47%,-1.4012%
7/14/2022,10.78,10.61,10.79,10.48,338.78K,1.41%,-2.2019%
7/15/2022,11.02,10.84,11.03,10.8,218.12K,2.23%,0.0000%
7/18/2022,11.02,11.14,11.31,11.01,190.46K,0.00%,-1.2624%
7/19/2022,11.16,11.13,11.23,11.08,233.63K,1.27%,0.0896%
7/20/2022,11.15,11.13,11.25,11.11,172.96K,-0.09%,-1.2478%
7/21/2022,11.29,11.21,11.29,11.02,336.57K,1.26%,1.3375%
7/22/2022,11.14,11.3,11.33,11.11,167.11K,-1.33%,-1.0714%
7/25/2022,11.26,11.17,11.28,11.17,215.31K,1.08%,2.1545%
7/26/2022,11.02,11.22,11.24,10.93,289.62K,-2.13%,-2.2433%
7/27/2022,11.27,11.08,11.31,11.07,251.89K,2.27%,1.0705%
7/28/2022,11.15,11.22,11.37,11.12,309.65K,-1.06%,0.0897%
7/29/2022,11.14,11.1,11.16,10.9,279.43K,-0.09%,-0.3584%
8/1/2022,11.18,11.12,11.21,10.97,288.46K,0.36%,0.0000%
8/2/2022,11.18,11.16,11.36,11.11,261.07K,0.00%,-2.1240%
8/3/2022,11.42,11.22,11.46,11.22,347.64K,2.15%,-1.9940%
8/4/2022,11.65,11.43,11.71,11.43,503.15K,2.01%,1.2090%
8/5/2022,11.51,11.61,11.61,11.35,877.75K,-1.20%,-0.3469%
8/8/2022,11.55,11.52,11.58,11.19,978.06K,0.35%,1.3950%
8/9/2022,11.39,11.56,11.59,11.3,304.27K,-1.39%,-11.2795%
8/10/2022,12.75,11.68,12.88,11.6,1.89M,11.94%,3.7559%
8/11/2022,12.28,12.8,12.92,12.25,418.84K,-3.69%,-4.3035%
8/12/2022,12.82,12.3,12.88,12.3,1.02M,4.40%,0.3908%
8/15/2022,12.77,12.76,12.92,12.56,308.48K,-0.39%,-0.0783%
8/16/2022,12.78,12.67,12.92,12.61,275.22K,0.08%,-6.7322%
8/17/2022,13.67,13.65,13.75,12.85,7.17M,6.96%,-1.6685%
8/18/2022,13.9,13.64,14.09,13.5,2.28M,1.68%,1.5954%
8/19/2022,13.68,13.64,14.14,13.58,936.17K,-1.58%,3.1183%
8/22/2022,13.26,13.5,13.51,13.2,765.54K,-3.07%,-1.1249%
8/23/2022,13.41,13.29,13.68,13.18,565.10K,1.13%,-0.0745%
8/24/2022,13.42,13.48,13.48,13.15,408.00K,0.07%,-1.1115%
8/25/2022,13.57,13.48,13.75,13.39,351.69K,1.12%,3.2200%
8/26/2022,13.14,13.57,13.73,13.13,313.90K,-3.17%,0.5341%
8/29/2022,13.07,13.1,13.24,12.98,518.04K,-0.53%,-1.3678%
8/30/2022,13.25,13.11,13.31,13.11,332.95K,1.38%,-1.4238%
8/31/2022,13.44,13.25,13.57,13.14,1.06M,1.43%,0.2981%
9/1/2022,13.4,13.35,13.44,13.27,604.27K,-0.30%,-0.5210%
9/2/2022,13.47,13.5,13.72,13.3,458.77K,0.52%,-7.0229%
9/6/2022,14.45,13.71,14.8,13.7,1.87M,7.28%,-0.7584%
9/7/2022,14.56,14.45,14.56,14.17,702.34K,0.76%,1.1745%
9/8/2022,14.39,14.51,14.79,14.31,556.23K,-1.17%,-0.2776%
9/9/2022,14.43,14.5,14.65,14.33,741.47K,0.28%,-4.9351%
9/12/2022,15.16,14.47,15.23,14.37,1.58M,5.06%,4.3822%
9/13/2022,14.51,14.85,14.97,14.48,759.04K,-4.29%,-1.1648%
9/14/2022,14.68,14.54,14.77,14.38,417.60K,1.17%,1.3718%
9/15/2022,14.48,14.7,14.91,14.38,356.86K,-1.36%,2.3054%
9/16/2022,14.15,14.34,14.42,13.87,677.90K,-2.28%,0.2122%
9/19/2022,14.12,14.06,14.16,13.98,390.83K,-0.21%,1.4984%
9/20/2022,13.91,14.1,14.1,13.65,515.78K,-1.49%,3.1401%
9/21/2022,13.48,13.94,14.08,13.48,689.41K,-3.09%,-1.1066%
9/22/2022,13.63,13.36,13.85,13.03,784.87K,1.11%,4.1954%
9/23/2022,13.07,13.41,13.44,12.91,1.23M,-4.11%,1.1543%
9/26/2022,12.92,12.87,13.33,12.79,837.43K,-1.15%,0.9331%
9/27/2022,12.8,12.99,12.99,12.72,645.47K,-0.93%,0.7843%
9/28/2022,12.7,12.77,12.78,12.59,681.94K,-0.78%,-1.2520%
9/29/2022,12.86,12.57,12.87,12.44,628.59K,1.26%,-3.1384%
9/30/2022,13.27,12.9,13.35,12.76,719.57K,3.19%,-0.9749%
10/3/2022,13.4,13.31,13.43,12.93,583.88K,0.98%,-2.2871%
10/4/2022,13.71,13.59,13.84,13.58,575.22K,2.31%,0.0730%
10/5/2022,13.7,13.54,13.74,13.39,453.52K,-0.07%,0.8062%
10/6/2022,13.59,13.77,14.01,13.59,411.37K,-0.80%,-0.3672%
10/7/2022,13.64,13.53,13.65,13.4,372.28K,0.37%,2.1490%
10/10/2022,13.35,13.62,13.63,13.32,577.39K,-2.13%,0.6011%
10/11/2022,13.27,13.4,13.46,13.06,358.45K,-0.60%,2.6729%
10/12/2022,12.92,13.17,13.17,12.73,546.91K,-2.64%,0.0000%
10/13/2022,12.92,12.69,13.17,12.64,419.30K,0.00%,-0.2319%
10/14/2022,12.95,12.98,13.07,12.9,223.28K,0.23%,-0.7692%
10/17/2022,13.05,13.03,13.24,12.97,281.80K,0.77%,1.2336%
10/18/2022,12.89,13.17,13.31,12.85,304.30K,-1.23%,1.7215%
10/19/2022,12.67,12.89,12.99,12.62,234.31K,-1.71%,0.4747%
10/20/2022,12.61,12.62,12.85,12.59,226.69K,-0.47%,0.0793%
10/21/2022,12.6,12.53,12.66,12.4,258.15K,-0.08%,2.0041%
10/24/2022,12.35,12.63,12.63,12.16,247.78K,-1.98%,-2.2419%
10/25/2022,12.63,12.39,12.76,12.39,402.35K,2.27%,-4.3384%
10/26/2022,13.19,12.65,13.29,12.57,380.87K,4.43%,-0.9808%
10/27/2022,13.32,13.24,13.47,13.21,395.56K,0.99%,1.9713%
10/28/2022,13.06,13.3,13.34,13.05,313.94K,-1.95%,0.0000%
10/31/2022,13.06,13.06,13.1,12.96,238.58K,0.00%,-0.3821%
11/1/2022,13.11,13.26,13.48,13.07,192.22K,0.38%,1.8476%
11/2/2022,12.87,13.1,13.1,12.77,269.77K,-1.83%,2.4382%
11/3/2022,12.56,12.73,12.84,12.55,181.26K,-2.41%,-2.9033%
11/4/2022,12.93,12.74,12.96,12.65,252.66K,2.95%,-3.4211%
11/7/2022,13.38,13.08,13.62,12.98,658.96K,3.48%,1.7339%
11/8/2022,13.15,13.45,13.46,13.14,239.10K,-1.72%,1.1472%
11/9/2022,13,13.08,13.15,12.79,226.61K,-1.14%,-1.0712%
11/10/2022,13.14,13.43,13.43,12.98,288.29K,1.08%,-1.1351%
11/11/2022,13.29,13.27,13.51,13.15,390.68K,1.14%,0.6795%
11/14/2022,13.2,13.94,13.94,13.17,449.81K,-0.68%,1.7578%
11/15/2022,12.97,13.36,13.4,12.93,477.10K,-1.74%,1.3194%
11/16/2022,12.8,12.88,12.9,12.65,388.82K,-1.31%,-0.3120%
11/17/2022,12.84,12.65,13.07,12.56,253.74K,0.31%,-2.2334%
11/18/2022,13.13,12.78,13.16,12.55,403.26K,2.26%,0.7645%
11/21/2022,13.03,13.18,13.4,12.98,251.90K,-0.76%,-13.6788%
11/22/2022,14.94,13.03,15.49,12.83,5.74M,14.66%,-22.9815%
11/23/2022,18.8,16.44,18.91,16.29,16.71M,25.84%,-12.0616%
11/25/2022,21.21,20,22.95,20,35.23M,12.82%,-0.1884%
11/28/2022,21.25,21.14,22.02,20.4,10.00M,0.19%,-4.2834%
11/29/2022,22.18,21.09,22.75,21.05,6.77M,4.38%,0.3613%
11/30/2022,22.1,22.16,22.45,21.24,2.75M,-0.36%,-2.0601%
12/1/2022,22.56,21.8,23.35,21.64,2.82M,2.08%,-0.7507%
12/2/2022,22.73,22.3,22.92,21.71,2.31M,0.75%,1.6412%
12/5/2022,22.36,22.4,23.16,22.09,1.49M,-1.63%,0.6731%
12/6/2022,22.21,22.21,22.48,21.75,1.04M,-0.67%,0.3608%
12/7/2022,22.13,22.3,22.48,21.91,751.87K,-0.36%,1.2733%
12/8/2022,21.85,22.33,22.59,21.64,1.21M,-1.27%,7.1120%
12/9/2022,20.35,22.09,22.72,20.21,2.50M,-6.86%,-1.0267%
12/12/2022,20.56,20.37,21.47,20.28,2.71M,1.03%,-0.5820%
12/13/2022,20.68,20.68,21.15,20.29,1.24M,0.58%,-4.3063%
12/14/2022,21.59,20.74,21.61,20.74,1.10M,4.40%,-0.1389%
12/15/2022,21.62,21.05,21.77,20.72,1.26M,0.14%,-1.0582%
12/16/2022,21.85,21.52,21.91,21.4,1.43M,1.06%,2.6903%
12/19/2022,21.27,21.49,21.85,20.98,1.03M,-2.65%,-2.9189%
12/20/2022,21.9,21.26,22.34,21.14,727.12K,2.96%,-3.8518%
12/21/2022,22.76,21.91,22.89,21.91,667.23K,3.93%,1.4160%
12/22/2022,22.44,22.65,22.8,22.06,681.03K,-1.41%,-0.1781%
12/23/2022,22.48,22.38,22.63,22.32,409.16K,0.18%,-2.8072%
12/27/2022,23.12,22.44,23.26,22.21,1.09M,2.85%,2.9407%
12/28/2022,22.45,22.99,23.15,22.41,794.78K,-2.90%,-2.8109%
12/29/2022,23.09,22.65,23.6,22.34,861.29K,2.85%,-1.0340%
12/30/2022,23.33,22.95,23.55,22.83,728.28K,1.04%,2.4735%
1/3/2023,22.76,23.43,23.55,22.74,790.90K,-2.44%,-2.3449%
1/4/2023,23.3,22.99,23.58,22.9,853.61K,2.37%,1.8627%
1/5/2023,22.87,23.13,23.3,22.77,715.28K,-1.85%,-1.9485%
1/6/2023,23.32,22.78,23.46,22.73,492.42K,1.97%,0.9046%
1/9/2023,23.11,23.47,25.24,22.75,3.35M,-0.90%,1.2190%
1/10/2023,22.83,22.96,23.15,22.2,1.12M,-1.21%,-0.2625%
1/11/2023,22.89,22.93,23.14,22.61,513.49K,0.26%,0.5256%
1/12/2023,22.77,22.96,23.11,22.63,427.98K,-0.52%,-0.8745%
1/13/2023,22.97,22.8,23.69,22.8,553.52K,0.88%,0.6552%
1/17/2023,22.82,23.01,23.33,22.72,1.35M,-0.65%,-0.5245%
1/18/2023,22.94,22.85,23.03,22.71,859.24K,0.53%,-0.2612%
1/19/2023,23,22.87,23.11,22.79,594.57K,0.26%,-1.5103%
1/20/2023,23.35,23.1,23.61,23.02,839.03K,1.52%,1.9023%
1/23/2023,22.91,23.41,23.72,22.9,586.31K,-1.88%,1.1414%
1/24/2023,22.65,23.13,23.13,22.57,878.88K,-1.13%,-3.1293%
1/25/2023,23.37,22.49,23.42,22.33,1.02M,3.18%,3.2177%
1/26/2023,22.63,23.47,23.7,22.58,779.37K,-3.17%,-0.6606%
1/27/2023,22.78,22.45,23.14,22.45,584.08K,0.66%,0.9705%
1/30/2023,22.56,22.81,23.12,22.55,557.87K,-0.97%,0.0443%
1/31/2023,22.55,22.58,22.89,22.43,699.89K,-0.04%,0.2664%
2/1/2023,22.49,22.44,22.76,22.2,537.66K,-0.27%,0.4903%
2/2/2023,22.38,22.65,22.76,22.14,518.90K,-0.49%,2.3509%
2/3/2023,21.86,22.22,22.36,21.86,499.91K,-2.32%,1.8934%
2/6/2023,21.45,21.75,21.81,20.89,751.79K,-1.88%,1.5504%
2/7/2023,21.12,21.45,21.45,20.85,970.46K,-1.54%,-9.9948%
2/8/2023,23.34,23.89,24.5,22.45,5.82M,10.51%,-8.4187%
2/9/2023,25.39,23.44,25.51,23.36,4.23M,8.78%,7.5654%
2/10/2023,23.54,24.44,25.1,23.49,2.46M,-7.29%,-0.2546%
2/13/2023,23.6,24.73,24.79,23.56,1.90M,0.25%,-1.0957%
2/14/2023,23.86,24.02,24.02,23.42,1.24M,1.10%,-2.4836%
2/15/2023,24.46,23.81,24.7,23.75,1.61M,2.51%,-9.2854%
2/16/2023,26.84,24.27,27.34,23.89,8.68M,9.73%,1.9184%
2/17/2023,26.33,27,27.31,26,4.72M,-1.90%,13.5650%
2/21/2023,22.99,24.95,25.9,22.88,4.90M,-12.69%,1.8881%
2/22/2023,22.56,23.51,23.65,22.09,1.59M,-1.87%,-1.3210%
2/23/2023,22.86,22.48,23.03,22.44,1.04M,1.33%,-0.1311%
2/24/2023,22.89,22.7,22.91,22.12,1.38M,0.13%,9.6709%
2/27/2023,20.78,21.02,21.86,19.8,5.17M,-9.22%,0.1445%
2/28/2023,20.75,20.66,20.97,20.27,2.55M,-0.14%,1.4563%
3/1/2023,20.45,20.45,20.92,20.42,2.18M,-1.45%,-3.2711%
3/2/2023,21.13,20.38,21.39,20.38,1.48M,3.33%,-0.9889%
3/3/2023,21.34,21.35,21.57,20.84,1.19M,0.99%,-2.7272%
3/6/2023,21.93,21.64,22.05,21.24,1.43M,2.76%,2.0733%
3/7/2023,21.48,22.01,22.12,21.16,812.44K,-2.05%,-1.3870%
3/8/2023,21.78,21.49,21.92,21.25,765.96K,1.40%,4.1722%
3/9/2023,20.89,21.66,21.8,20.67,1.05M,-4.09%,3.9048%
3/10/2023,20.09,20.92,20.92,19.63,2.05M,-3.83%,-2.0203%
3/13/2023,20.5,19.87,20.67,19.66,1.35M,2.04%,-0.3895%
3/14/2023,20.58,20.76,20.89,20.44,839.65K,0.39%,-2.4479%
3/15/2023,21.09,20.16,21.65,19.85,2.47M,2.48%,-2.9895%
3/16/2023,21.73,20.95,22.48,20.65,1.47M,3.03%,-1.8692%
3/17/2023,22.14,21.81,22.47,21.65,2.30M,1.89%,-6.2164%
3/20/2023,23.56,22.5,23.57,22.5,1.79M,6.41%,-1.9336%
3/21/2023,24.02,23.63,24.33,23.16,2.60M,1.95%,-6.4486%
3/22/2023,25.62,24.5,26.06,24.22,4.53M,6.66%,7.5370%
3/23/2023,23.76,24.85,25.18,23.29,3.23M,-7.26%,-0.6711%
3/24/2023,23.92,23.86,25.45,23.13,8.77M,0.67%,7.1026%
3/27/2023,22.28,23.49,23.49,21.75,3.61M,-6.86%,-0.8492%
3/28/2023,22.47,22.22,22.82,21.97,1.49M,0.85%,0.3120%
3/29/2023,22.4,22.5,22.86,22.31,1.07M,-0.31%,-1.9452%
3/30/2023,22.84,22.5,23.16,22,1.68M,1.96%,3.0676%
3/31/2023,22.15,22.87,22.87,21.94,1.53M,-3.02%,2.9785%
4/3/2023,21.5,22,22.03,21.24,1.39M,-2.93%,-1.6148%
4/4/2023,21.85,21.52,21.95,21.12,935.52K,1.63%,1.8010%
4/5/2023,21.46,21.51,22.41,21.21,1.76M,-1.78%,-1.0661%
4/6/2023,21.69,21.55,21.79,21.31,886.32K,1.07%,1.7206%
4/10/2023,21.32,21.51,21.87,21.25,858.02K,-1.71%,-6.2279%
4/11/2023,22.69,21.5,22.72,21.36,1.28M,6.43%,-3.0384%
4/12/2023,23.39,22.53,23.48,22.44,1.31M,3.09%,1.1178%
4/13/2023,23.13,23.5,23.78,23.11,1.26M,-1.11%,4.9179%
4/14/2023,22.02,23.01,23.3,21.48,3.10M,-4.80%,11.2348%
4/17/2023,19.68,21,21.22,18.91,5.69M,-10.63%,-4.4231%
4/18/2023,20.57,19.8,20.88,19.76,1.73M,4.52%,0.5851%
4/19/2023,20.45,20.59,20.86,20.23,880.17K,-0.58%,-1.6008%
4/20/2023,20.78,20.3,21.05,20.01,1.53M,1.61%,-1.1008%
4/21/2023,21.01,20.6,21.31,20.55,1.12M,1.11%,-2.4449%
4/24/2023,21.53,21,21.6,20.92,809.66K,2.48%,2.4925%
4/25/2023,21,21.52,21.58,20.97,683.62K,-2.46%,2.0689%
4/26/2023,20.57,21.2,21.36,20.36,1.27M,-2.05%,-0.1457%
4/27/2023,20.6,20.62,21.02,20.41,1.03M,0.15%,2.7062%
4/28/2023,20.05,20.5,21.25,19.9,2.25M,-2.67%,4.6449%
5/1/2023,19.14,19.2,19.53,18.85,2.02M,-4.54%,-0.1566%
5/2/2023,19.17,19.4,19.65,19.08,858.03K,0.16%,-4.8865%
5/3/2023,20.13,19.05,20.48,18.85,1.05M,5.01%,4.0036%
5/4/2023,19.34,20.05,20.2,19.21,775.17K,-3.92%,1.4059%
5/5/2023,19.07,19.39,19.53,18.98,1.21M,-1.40%,1.8524%
5/8/2023,18.72,19.09,19.44,18.68,901.89K,-1.84%,-7.0630%
5/9/2023,20.09,19.1,20.51,18.83,2.06M,7.32%,-1.0399%
5/10/2023,20.3,20.07,20.7,19.86,1.11M,1.05%,9.9902%
5/11/2023,18.37,18.88,19.16,18.05,2.24M,-9.51%,1.3151%
5/12/2023,18.13,18.4,19.43,17.26,2.62M,-1.31%,-3.8945%
5/15/2023,18.85,18.21,18.94,18.17,1.81M,3.97%,-0.6346%
5/16/2023,18.97,18.85,19.74,18.55,2.05M,0.64%,-0.9966%
5/17/2023,19.16,19.82,20.25,18.72,2.67M,1.00%,1.6843%
5/18/2023,18.84,19.05,19.24,18.55,1.49M,-1.67%,0.6390%
5/19/2023,18.72,18.8,19.48,18.68,1.59M,-0.64%,-4.4916%
5/22/2023,19.58,18.63,19.66,18.47,1.73M,4.59%,2.0641%
5/23/2023,19.18,19.52,19.64,19.02,962.44K,-2.04%,-1.7572%
5/24/2023,19.52,19.21,19.54,19.05,877.85K,1.77%,1.3929%
5/25/2023,19.25,19.5,19.52,19.1,531.16K,-1.38%,1.4652%
5/26/2023,18.97,19.11,19.66,18.97,917.88K,-1.45%,1.5405%
5/30/2023,18.68,18.98,19.21,18.04,1.49M,-1.53%,-3.3687%
5/31/2023,19.32,18.62,19.93,18.19,2.60M,3.43%,3.9055%
6/1/2023,18.58,19.19,19.21,18.46,1.43M,-3.83%,-1.2834%
6/2/2023,18.82,18.73,18.88,18.28,1.31M,1.29%,4.1774%
6/5/2023,18.05,18.6,18.74,18.03,1.35M,-4.09%,-1.9748%
6/6/2023,18.41,18.03,18.68,17.6,1.11M,1.99%,-2.8382%
6/7/2023,18.94,19.25,19.39,18.61,2.03M,2.88%,2.4587%
6/8/2023,18.48,19.04,19.23,18.39,1.36M,-2.43%,-4.6520%
6/9/2023,19.36,18.5,19.67,18.5,1.64M,4.76%,-3.9002%
6/12/2023,20.13,19.16,20.23,18.8,2.06M,3.98%,-12.8926%
6/13/2023,22.9,22.33,23.17,21.59,9.67M,13.76%,-1.3877%
6/14/2023,23.22,22.5,23.79,22.35,2.83M,1.40%,-6.6233%
6/15/2023,24.81,23.75,26.64,22.96,12.28M,6.85%,4.7884%
6/16/2023,23.65,24.91,24.95,23.45,3.35M,-4.68%,4.9848%
6/20/2023,22.5,23.61,23.63,22.28,2.38M,-4.86%,-1.1050%
6/21/2023,22.75,22.53,23.3,22.52,1.59M,1.11%,-1.4401%
6/22/2023,23.08,22.67,23.73,22.5,1.69M,1.45%,2.1017%
6/23/2023,22.6,22.99,23.6,22.56,1.46M,-2.08%,1.1124%
6/26/2023,22.35,22.41,22.79,21.8,1.70M,-1.11%,-7.1228%
6/27/2023,24,22.26,24.21,21.43,2.43M,7.38%,-4.5611%
6/28/2023,25.12,23.6,26,23.37,4.22M,4.67%,2.2138%
6/29/2023,24.57,24.99,24.99,23.87,2.06M,-2.19%,0.7763%
6/30/2023,24.38,24.87,24.94,24.21,1.28M,-0.77%,-0.1230%
7/3/2023,24.41,24.49,24.68,24.2,664.95K,0.12%,-0.2046%
7/5/2023,24.46,24.43,25.09,24.31,2.05M,0.20%,0.6151%
7/6/2023,24.31,24.12,24.55,23.54,1.34M,-0.61%,0.2059%
7/7/2023,24.26,24.21,24.55,23.95,1.01M,-0.21%,4.5539%
7/10/2023,23.18,24.09,24.21,22.98,1.21M,-4.45%,1.8725%
7/11/2023,22.75,23.24,23.5,22.53,1.08M,-1.86%,-0.7445%
7/12/2023,22.92,22.75,22.93,22.38,973.66K,0.75%,-0.1308%
7/13/2023,22.95,23.1,23.28,22.5,757.10K,0.13%,0.1308%
7/14/2023,22.92,22.95,23.22,22.79,914.06K,-0.13%,-3.1353%
7/17/2023,23.65,22.8,24.23,22.4,1.94M,3.18%,0.0423%
7/18/2023,23.64,23.74,24.58,23.48,1.07M,-0.04%,6.8721%
7/19/2023,22.07,23.55,23.84,21.78,3.00M,-6.64%,0.5452%
7/20/2023,21.95,21.91,22.24,21.64,898.35K,-0.54%,1.5148%
7/21/2023,21.62,22.01,22.05,21.34,1.30M,-1.50%,-2.9173%
7/24/2023,22.26,21.7,22.26,21.37,927.63K,2.96%,-0.2244%
7/25/2023,22.31,22.02,22.51,21.83,777.27K,0.22%,0.1795%
7/26/2023,22.27,22.23,22.53,22.1,856.11K,-0.18%,1.1744%
7/27/2023,22.01,22.37,22.45,21.9,486.34K,-1.17%,-2.2907%
7/28/2023,22.52,22.17,22.7,22.05,901.53K,2.32%,1.6115%
7/31/2023,22.16,22.42,22.64,22.08,823.26K,-1.60%,8.9640%
8/1/2023,20.26,22.01,22.35,19.75,3.36M,-8.57%,-0.9823%
8/2/2023,20.46,20.15,20.92,19.73,2.45M,0.99%,1.6757%
8/3/2023,20.12,20.25,20.81,19.89,659.69K,-1.66%,-1.7734%
8/4/2023,20.48,20.28,20.54,20.03,632.16K,1.79%,-13.4995%
8/7/2023,23.44,21.65,23.46,21.54,3.49M,14.45%,0.0427%
8/8/2023,23.43,23.22,23.85,22.7,1.28M,-0.04%,2.0699%
8/9/2023,22.95,23.5,23.63,22.62,603.44K,-2.05%,0.4805%
8/10/2023,22.84,22.95,23.49,22.71,681.61K,-0.48%,-0.2624%
8/11/2023,22.9,22.8,23.01,22.61,422.93K,0.26%,-5.4389%
8/14/2023,24.18,23.9,24.6,23.4,2.27M,5.59%,2.3009%
8/15/2023,23.63,23.87,24.5,22.82,1.69M,-2.27%,2.1387%
8/16/2023,23.13,23.63,23.63,23.01,543.41K,-2.12%,0.3031%
8/17/2023,23.06,23.19,23.35,22.83,477.38K,-0.30%,3.4859%
8/18/2023,22.27,22,23,21.92,1.04M,-3.43%,1.9955%
8/21/2023,21.83,22.21,22.38,21.44,488.49K,-1.98%,0.1375%
8/22/2023,21.8,21.9,21.95,21.63,365.80K,-0.14%,-6.9971%
8/23/2023,23.38,22.7,23.39,22.54,1.75M,7.25%,1.3781%
8/24/2023,23.06,23.26,23.44,22.75,820.09K,-1.37%,-1.3354%
8/25/2023,23.37,23.46,23.55,23.12,584.36K,1.34%,-0.5547%
8/28/2023,23.5,23.35,23.63,23.2,527.58K,0.56%,1.8034%
8/29/2023,23.08,23.5,23.69,23.06,487.48K,-1.79%,-0.3028%
8/30/2023,23.15,23.01,23.21,22.79,440.43K,0.30%,1.4796%
8/31/2023,22.81,23.37,23.37,22.57,580.35K,-1.47%,-3.6587%
9/1/2023,23.66,22.89,23.75,22.69,726.64K,3.73%,20.1093%
9/5/2023,19.35,20.9,21.47,18.5,7.52M,-18.22%,-2.1473%
9/6/2023,19.77,19.81,20.15,18.62,3.36M,2.17%,0.1519%
9/7/2023,19.74,19.52,20.1,19.5,1.04M,-0.15%,-1.3585%
9/8/2023,20.01,19.66,20.63,19.65,1.48M,1.37%,0.9036%
9/11/2023,19.83,19.86,20.2,19.41,1.10M,-0.90%,0.4549%
9/12/2023,19.74,19.83,20.13,19.7,619.51K,-0.45%,1.3259%
9/13/2023,19.48,19.6,19.94,19.41,636.46K,-1.32%,-1.4777%
9/14/2023,19.77,19.55,19.85,19.37,761.16K,1.49%,3.5001%
9/15/2023,19.09,19.68,19.87,19.08,712.57K,-3.44%,-1.9196%
9/18/2023,19.46,19.3,19.65,19.09,1.24M,1.94%,2.7085%
9/19/2023,18.94,19.27,19.27,18.83,651.93K,-2.67%,0.4763%
9/20/2023,18.85,19,19.32,18.84,838.94K,-0.48%,3.1253%
9/21/2023,18.27,18.72,18.83,18.18,996.81K,-3.08%,-1.6825%
9/22/2023,18.58,18.64,18.88,18.34,378.85K,1.70%,-4.1123%
9/25/2023,19.36,18.5,19.91,18.5,983.15K,4.20%,-0.2579%
9/26/2023,19.41,19.59,20.05,19.3,935.57K,0.26%,-4.2366%
9/27/2023,20.25,19.55,20.52,19.51,1.17M,4.33%,1.4425%
9/28/2023,19.96,20.2,20.21,19.76,554.18K,-1.43%,0.8554%
9/29/2023,19.79,20.13,20.13,19.66,425.45K,-0.85%,1.9388%
10/2/2023,19.41,19.8,19.98,18.71,1.35M,-1.92%,0.4130%
10/3/2023,19.33,19.2,19.5,18.75,909.07K,-0.41%,-0.4130%
10/4/2023,19.41,19.38,19.63,19.13,529.37K,0.41%,1.5053%
10/5/2023,19.12,19.34,19.61,18.98,841.26K,-1.49%,-1.4023%
10/6/2023,19.39,19.01,19.59,18.98,955.72K,1.41%,2.7714%
10/9/2023,18.86,18.99,19.2,18.69,682.64K,-2.73%,-0.7396%
10/10/2023,19,18.58,19.23,18.57,1.84M,0.74%,-4.6281%
10/11/2023,19.9,19.09,20.13,19.06,1.48M,4.74%,0.8073%
10/12/2023,19.74,19.85,20.51,18.51,3.28M,-0.80%,-1.2085%
10/13/2023,19.98,19.69,20.28,19.65,579.71K,1.22%,10.9931%
10/16/2023,17.9,18.16,18.93,17.33,6.96M,-10.41%,0.1677%
10/17/2023,17.87,17.64,17.95,17.21,2.10M,-0.17%,1.8069%
10/18/2023,17.55,18.18,18.27,17.48,1.54M,-1.79%,0.2853%
10/19/2023,17.5,17.75,17.77,17.02,1.87M,-0.28%,-3.3158%
10/20/2023,18.09,17.55,18.26,17.53,1.22M,3.37%,2.7460%
10/23/2023,17.6,17.96,17.96,17.47,1.06M,-2.71%,-1.0175%
10/24/2023,17.78,17.72,18.03,17.61,605.97K,1.02%,0.1689%
10/25/2023,17.75,18.01,18.34,17.72,729.02K,-0.17%,0.1127%
10/26/2023,17.73,17.43,17.77,17.1,1.05M,-0.11%,0.2259%
10/27/2023,17.69,17.66,18.06,17.63,858.04K,-0.23%,-1.6817%
10/30/2023,17.99,17.86,17.99,17.56,577.89K,1.70%,0.3341%
10/31/2023,17.93,17.98,18.03,17.65,537.29K,-0.33%,0.0558%
11/1/2023,17.92,17.87,18.01,17.56,480.33K,-0.06%,0.0000%
11/2/2023,17.92,18,18.09,17.75,559.88K,0.00%,-4.2071%
11/3/2023,18.69,18.66,18.78,18.33,716.38K,4.30%,2.9318%
11/6/2023,18.15,18.61,18.69,18.13,554.44K,-2.89%,-0.9323%
11/7/2023,18.32,18.06,18.52,18.06,808.25K,0.94%,1.4848%
11/8/2023,18.05,18.25,18.36,18.03,484.13K,-1.47%,0.1109%
11/9/2023,18.03,18.06,18.46,17.74,447.15K,-0.11%,-0.3875%
11/10/2023,18.1,18.11,18.13,17.81,306.88K,0.39%,0.9437%
11/13/2023,17.93,18.14,18.23,17.89,440.11K,-0.94%,-4.8976%
11/14/2023,18.83,18.25,19.99,18.05,1.72M,5.02%,2.1472%
11/15/2023,18.43,18.72,19.05,18.19,1.13M,-2.12%,0.0000%
11/16/2023,18.43,18.43,18.75,18.16,963.50K,0.00%,-7.5734%
11/17/2023,19.88,19.82,20.35,19.28,3.76M,7.87%,3.3763%
11/20/2023,19.22,19.79,20.04,19.17,1.12M,-3.32%,2.2095%
11/21/2023,18.8,19.17,19.22,18.75,634.83K,-2.19%,-1.5308%
11/22/2023,19.09,19,19.46,18.85,560.66K,1.54%,-0.8346%
11/24/2023,19.25,19.19,19.35,19.05,553.62K,0.84%,-2.1584%
11/27/2023,19.67,19.2,19.84,19.1,987.50K,2.18%,0.8680%
11/28/2023,19.5,19.62,19.66,19.2,1.08M,-0.86%,1.0309%
11/29/2023,19.3,19.55,19.69,19.14,606.25K,-1.03%,-0.9796%
11/30/2023,19.49,19.29,19.49,18.97,324.43K,0.98%,0.7209%
12/1/2023,19.35,19.21,19.39,19.11,484.34K,-0.72%,-1.4876%
12/4/2023,19.64,19.29,19.77,19.29,1.03M,1.50%,-0.2035%
12/5/2023,19.68,19.61,19.73,19.54,803.64K,0.20%,0.3053%
12/6/2023,19.62,19.68,19.8,19.28,705.12K,-0.30%,1.3340%
12/7/2023,19.36,19.51,19.53,19.24,458.61K,-1.33%,-0.7718%
12/8/2023,19.51,19.39,19.6,19.29,396.93K,0.77%,1.0822%
12/11/2023,19.3,19.5,19.54,18.98,690.64K,-1.08%,-0.2587%
12/12/2023,19.35,19.37,19.59,19.12,680.26K,0.26%,0.0517%
12/13/2023,19.34,19.32,19.55,19.21,554.75K,-0.05%,0.0000%
12/14/2023,19.34,19.3,19.51,19.14,712.74K,0.00%,-1.3354%
12/15/2023,19.6,19.41,19.6,19.21,669.70K,1.34%,0.5115%
12/18/2023,19.5,19.46,19.88,19.41,701.25K,-0.51%,-1.2233%
12/19/2023,19.74,19.44,19.75,19.3,630.18K,1.23%,1.6344%
12/20/2023,19.42,19.7,20,19.42,488.76K,-1.62%,-1.1265%
12/21/2023,19.64,19.75,19.75,19.48,558.33K,1.13%,-1.0132%
12/22/2023,19.84,19.7,19.92,19.57,719.48K,1.02%,-3.3700%
12/26/2023,20.52,20.1,20.84,20.06,5.37M,3.43%,-0.2434%
12/27/2023,20.57,20.54,20.67,20.25,1.46M,0.24%,0.6829%
12/28/2023,20.43,20.55,20.6,20.39,1.39M,-0.68%,0.2450%
12/29/2023,20.38,20.39,20.5,20.32,837.72K,-0.24%,1.2343%
1/2/2024,20.13,20.19,20.33,20.1,1.45M,-1.23%,0.9483%
1/3/2024,19.94,20.03,20.14,19.9,1.17M,-0.94%,-0.7494%
1/4/2024,20.09,20,20.28,19.96,1.12M,0.75%,0.0000%
1/5/2024,20.09,19.94,20.24,19.94,862.57K,0.00%,-1.0399%
1/8/2024,20.3,20.05,20.3,19.97,905.99K,1.05%,-2.5293%
1/9/2024,20.82,20.28,20.85,20.12,1.35M,2.56%,-0.4313%
1/10/2024,20.91,20.85,20.91,20.71,801.67K,0.43%,-0.9993%
1/11/2024,21.12,20.84,21.12,20.74,772.92K,1.00%,-0.4724%
1/12/2024,21.22,21.1,21.32,20.93,943.55K,0.47%,0.0943%
1/16/2024,21.2,21.01,21.21,20.92,965.22K,-0.09%,5.9770%
1/17/2024,19.97,21.16,21.16,19.82,5.07M,-5.80%,-1.1451%
1/18/2024,20.2,20,20.44,19.96,1.24M,1.15%,-1.8151%
1/19/2024,20.57,20.31,20.72,20.22,1.50M,1.83%,4.5248%
1/22/2024,19.66,20.48,20.5,19.65,2.08M,-4.42%,1.1768%
1/23/2024,19.43,19.7,19.76,19.3,1.97M,-1.17%,-0.6668%
1/24/2024,19.56,19.7,19.71,19.23,2.06M,0.67%,0.4098%
1/25/2024,19.48,19.85,19.85,19.44,1.71M,-0.41%,-0.1026%
1/26/2024,19.5,19.49,19.51,19.37,1.14M,0.10%,-0.1025%
1/29/2024,19.52,19.65,19.66,19.4,1.06M,0.10%,0.1538%
1/30/2024,19.49,19.5,19.56,19.38,3.15M,-0.15%,0.6692%
1/31/2024,19.36,19.53,19.55,19.36,705.52K,-0.67%,-1.8931%
2/1/2024,19.73,19.55,19.85,19.3,1.00M,1.91%,-0.5056%
2/2/2024,19.83,19.71,20.11,19.63,1.00M,0.51%,-0.6033%
2/5/2024,19.95,19.82,19.97,19.55,1.99M,0.61%,-3.4002%
2/6/2024,20.64,19.95,20.68,19.84,3.61M,3.46%,-3.4289%
2/7/2024,21.36,20.5,21.43,20.48,6.02M,3.49%,-1.5792%
2/8/2024,21.7,21.46,22,21.39,3.66M,1.59%,2.6618%
2/9/2024,21.13,21.69,21.83,21.09,3.40M,-2.63%,7.5164%
2/12/2024,19.6,19.9,19.91,18.95,1.82M,-7.24%,-8.3647%
2/13/2024,21.31,21.03,21.55,20.64,5.81M,8.72%,-0.8876%
2/14/2024,21.5,21.32,21.92,21.25,1.63M,0.89%,14.3817%
2/15/2024,18.62,18.45,19.42,18.45,1.83M,-13.40%,5.8043%
2/16/2024,17.57,18.69,18.7,17.56,1.12M,-5.64%,0.3992%
2/20/2024,17.5,17.53,17.56,16.96,718.79K,-0.40%,9.0237%
2/21/2024,15.99,16.85,16.97,15.6,4.67M,-8.63%,3.6947%
2/22/2024,15.41,16.05,16.09,15.23,7.75M,-3.63%,-0.6468%
2/23/2024,15.51,15.4,15.78,15.16,3.19M,0.65%,1.1673%
2/26/2024,15.33,15.54,15.54,15.27,1.86M,-1.16%,-0.6502%
2/27/2024,15.43,15.33,15.58,15.14,1.46M,0.65%,0.6502%
2/28/2024,15.33,15.33,15.47,15.25,868.87K,-0.65%,0.8516%
2/29/2024,15.2,15.47,15.49,15.15,767.62K,-0.85%,2.4643%
3/1/2024,14.83,15.18,15.22,14.8,1.10M,-2.43%,3.2206%
3/4/2024,14.36,14.84,14.85,14.27,1.13M,-3.17%,-0.0696%
3/5/2024,14.37,14.38,14.43,14.2,737.90K,0.07%,0.0000%
3/6/2024,14.37,14.36,14.4,14.15,1.31M,0.00%,-0.4167%
3/7/2024,14.43,14.35,14.53,14.27,573.46K,0.42%,0.4167%
3/8/2024,14.37,14.5,14.72,14.21,988.06K,-0.42%,1.1901%
3/11/2024,14.2,14.35,14.47,14.15,716.58K,-1.18%,-1.1205%
3/12/2024,14.36,14.51,14.51,14,883.47K,1.13%,-2.1358%
3/13/2024,14.67,14.27,14.79,14.17,1.41M,2.16%,3.1155%
3/14/2024,14.22,14.62,14.62,14.14,1.21M,-3.07%,-0.9101%
3/15/2024,14.35,14.18,14.48,13.93,1.44M,0.91%,1.6866%
3/18/2024,14.11,14.2,14.44,14.05,1.53M,-1.67%,0.8541%
3/19/2024,13.99,14.09,14.16,13.79,946.27K,-0.85%,1.4399%
3/20/2024,13.79,13.97,13.97,13.6,1.27M,-1.43%,0.4360%
3/21/2024,13.73,13.78,13.88,13.66,934.75K,-0.44%,-0.5810%
3/22/2024,13.81,13.77,13.86,13.5,927.88K,0.58%,-1.4378%
3/25/2024,14.01,13.82,14.11,13.82,851.07K,1.45%,1.2931%
3/26/2024,13.83,14.05,14.07,13.83,469.89K,-1.28%,-2.0752%
3/27/2024,14.12,13.87,14.13,13.82,656.36K,2.10%,1.1396%
3/28/2024,13.96,14.19,14.31,13.94,733.08K,-1.13%,0.6468%
4/1/2024,13.87,13.95,13.99,13.61,673.07K,-0.64%,-1.4317%
4/2/2024,14.07,13.79,14.1,13.69,400.64K,1.44%,0.6417%
4/3/2024,13.98,14.07,14.22,13.85,527.39K,-0.64%,-4.1337%
4/4/2024,14.57,14.08,14.57,14.02,1.01M,4.22%,-1.9035%
4/5/2024,14.85,14.49,15.05,14.44,932.69K,1.92%,0.4049%
4/8/2024,14.79,14.9,14.98,14.66,445.40K,-0.40%,-0.7410%
4/9/2024,14.9,14.82,14.98,14.77,265.70K,0.74%,0.1343%
4/10/2024,14.88,14.67,14.92,14.67,230.62K,-0.13%,1.4895%
4/11/2024,14.66,14.91,14.93,14.64,479.40K,-1.48%,-0.3405%
4/12/2024,14.71,14.59,14.81,14.48,748.94K,0.34%,1.7141%
4/15/2024,14.46,14.78,14.84,14.31,487.59K,-1.70%,-0.4141%
4/16/2024,14.52,14.41,14.64,14.31,518.45K,0.41%,-1.8424%
4/17/2024,14.79,14.73,14.81,14.57,804.73K,1.86%,-0.6067%
4/18/2024,14.88,14.82,14.91,14.76,403.11K,0.61%,-1.4677%
4/19/2024,15.1,14.73,15.15,14.71,571.50K,1.48%,-2.0971%
4/22/2024,15.42,15.1,15.53,15.02,787.53K,2.12%,-0.8395%
4/23/2024,15.55,15.4,15.72,15.23,446.99K,0.84%,-1.5316%
4/24/2024,15.79,15.55,15.87,15.52,473.94K,1.54%,-1.6955%
4/25/2024,16.06,15.69,16.14,15.48,433.44K,1.71%,-0.0622%
4/26/2024,16.07,16.14,16.25,16,466.00K,0.06%,-2.2763%
4/29/2024,16.44,16.11,16.46,16.06,568.75K,2.30%,1.4706%
4/30/2024,16.2,16.33,16.4,16.19,475.06K,-1.46%,1.1173%
5/1/2024,16.02,16.17,16.25,16,476.09K,-1.11%,1.3195%
5/2/2024,15.81,16.13,16.21,15.8,548.88K,-1.31%,2.0448%
5/3/2024,15.49,15.88,15.9,15.48,828.41K,-2.02%,-0.3223%
5/6/2024,15.54,15.63,15.79,15.49,489.65K,0.32%,-2.1013%
5/7/2024,15.87,15.56,15.89,15.34,370.31K,2.12%,2.4882%
5/8/2024,15.48,15.81,15.83,15.47,424.83K,-2.46%,-1.7291%
5/9/2024,15.75,15.5,15.76,15.48,240.95K,1.74%,-0.1269%
5/10/2024,15.77,15.75,15.82,15.37,397.36K,0.13%,-1.6353%
5/13/2024,16.03,15.87,16.52,15.86,889.42K,1.65%,-0.6219%
5/14/2024,16.13,16.07,16.28,16.01,343.39K,0.62%,-4.3670%
5/15/2024,16.85,16.21,16.88,16.15,728.43K,4.46%,0.5356%
5/16/2024,16.76,16.79,16.96,16.64,873.47K,-0.53%,-0.4762%
5/17/2024,16.84,16.81,17.2,16.77,584.33K,0.48%,-0.2965%
5/20/2024,16.89,16.89,16.94,16.71,207.15K,0.30%,-0.1775%
5/21/2024,16.92,16.87,17.13,16.83,517.24K,0.18%,1.5486%
5/22/2024,16.66,16.91,16.99,16.65,295.87K,-1.54%,0.6625%
5/23/2024,16.55,16.75,16.82,16.55,313.95K,-0.66%,-1.4993%
5/24/2024,16.8,16.75,16.9,16.69,334.99K,1.51%,3.3286%
5/28/2024,16.25,16.9,16.94,16.14,348.81K,-3.27%,-2.5518%
5/29/2024,16.67,16.34,16.71,16.27,434.84K,2.58%,-0.0600%
5/30/2024,16.68,16.74,16.79,16.37,304.54K,0.06%,-1.1919%
5/31/2024,16.88,16.7,17,16.6,551.76K,1.20%,-2.2841%
6/3/2024,17.27,16.91,17.31,16.89,513.07K,2.31%,0.4062%
6/4/2024,17.2,17.3,17.4,17.13,927.25K,-0.41%,0.0000%
6/5/2024,17.2,17.29,17.3,16.85,598.03K,0.00%,5.6816%
6/6/2024,16.25,17.11,17.15,16.24,489.30K,-5.52%,-2.1310%
6/7/2024,16.6,16.25,16.82,16.11,675.37K,2.15%,-0.1806%
6/10/2024,16.63,16.65,16.96,16.53,432.51K,0.18%,-2.3768%
6/11/2024,17.03,16.6,17.12,16.6,344.63K,2.41%,-0.8187%
6/12/2024,17.17,17.23,17.28,16.96,371.31K,0.82%,3.6778%
6/13/2024,16.55,17.14,17.17,16.36,371.57K,-3.61%,1.3382%
6/14/2024,16.33,16.53,16.61,16.2,455.40K,-1.33%,-0.1224%
6/17/2024,16.35,16.35,16.41,16.1,271.28K,0.12%,1.1689%
6/18/2024,16.16,16.29,16.32,16.06,211.73K,-1.16%,0.3099%
6/20/2024,16.11,16.09,16.25,16,235.61K,-0.31%,-0.3099%
6/21/2024,16.16,16.11,16.25,16.06,243.42K,0.31%,-0.5554%
6/24/2024,16.25,16.16,16.28,16.08,175.63K,0.56%,0.8032%
6/25/2024,16.12,16.25,16.27,15.94,247.80K,-0.80%,-0.3097%
6/26/2024,16.17,16.1,16.22,15.99,180.24K,0.31%,2.0619%
6/27/2024,15.84,16.18,16.18,15.83,198.94K,-2.04%,-1.8762%
6/28/2024,16.14,15.8,16.29,15.8,253.18K,1.89%,-1.1091%
7/1/2024,16.32,16.37,16.69,16.07,341.18K,1.12%,0.4298%
7/2/2024,16.25,16.33,16.55,16.18,205.95K,-0.43%,0.8032%
7/3/2024,16.12,16.25,16.29,16.11,100.79K,-0.80%,-0.6801%
7/5/2024,16.23,16.15,16.33,16.05,188.79K,0.68%,2.4955%
7/8/2024,15.83,16.23,16.25,15.81,261.38K,-2.46%,-0.6925%
7/9/2024,15.94,15.89,15.97,15.72,593.46K,0.69%,-5.4331%
7/10/2024,16.83,15.88,16.86,15.88,571.93K,5.58%,-0.1781%
7/11/2024,16.86,16.9,17.2,16.7,537.82K,0.18%,0.0593%
7/12/2024,16.85,16.93,17.1,16.85,443.45K,-0.06%,1.4948%
7/15/2024,16.6,16.89,16.89,16.51,236.89K,-1.48%,-3.3761%
7/16/2024,17.17,16.6,17.2,16.5,234.56K,3.43%,2.4765%
7/17/2024,16.75,17.07,17.25,16.74,324.66K,-2.45%,0.4188%
7/18/2024,16.68,16.82,17.1,16.62,559.70K,-0.42%,-0.0599%
7/19/2024,16.69,16.71,16.78,16.43,178.15K,0.06%,-1.9579%
7/22/2024,17.02,16.72,17.03,16.5,245.81K,1.98%,1.0632%
7/23/2024,16.84,17.05,17.19,16.78,240.47K,-1.06%,-2.1152%
7/24/2024,17.2,16.79,17.2,16.58,435.56K,2.14%,0.6416%
7/25/2024,17.09,17.23,17.3,16.94,322.78K,-0.64%,0.3517%
7/26/2024,17.03,17.24,17.34,17,289.43K,-0.35%,-0.1760%
7/29/2024,17.06,17.01,17.24,16.79,323.58K,0.18%,1.0607%
7/30/2024,16.88,17.09,17.11,16.7,227.73K,-1.06%,-1.6452%
7/31/2024,17.16,16.9,17.24,16.86,168.76K,1.66%,2.1798%
8/1/2024,16.79,17.16,17.16,16.46,270.32K,-2.16%,1.2586%
8/2/2024,16.58,16.61,16.69,16.37,257.71K,-1.25%,1.1526%
8/5/2024,16.39,15.66,16.48,15.66,394.95K,-1.15%,-2.1130%
8/6/2024,16.74,16.41,16.78,16.19,186.98K,2.14%,-1.3057%
8/7/2024,16.96,16.8,17.06,16.68,182.26K,1.31%,-0.1767%
8/8/2024,16.99,16.95,17.1,16.87,153.70K,0.18%,1.0651%
8/9/2024,16.81,17.02,17.03,16.64,131.53K,-1.06%,0.2382%
8/12/2024,16.77,16.81,16.92,16.53,161.31K,-0.24%,1.8051%
8/13/2024,16.47,16.76,16.84,16.4,263.25K,-1.79%,-2.6956%
8/14/2024,16.92,16.44,16.97,16.44,161.70K,2.73%,-2.1053%
8/15/2024,17.28,16.97,17.32,16.95,254.54K,2.13%,-0.1157%
8/16/2024,17.3,17.25,17.34,17.1,187.26K,0.12%,-2.5115%
8/19/2024,17.74,17.28,17.8,17.08,387.93K,2.54%,0.5086%
8/20/2024,17.65,17.77,17.77,17.42,192.09K,-0.51%,-0.2264%
8/21/2024,17.69,17.68,17.76,17.47,278.73K,0.23%,0.3398%
8/22/2024,17.63,17.72,17.86,17.53,145.75K,-0.34%,1.6586%
8/23/2024,17.34,17.68,17.75,17.31,145.35K,-1.64%,1.3353%
8/26/2024,17.11,17.49,17.61,17.07,188.63K,-1.33%,-2.9939%
8/27/2024,17.63,17.01,17.77,16.91,413.66K,3.04%,0.9689%
8/28/2024,17.46,17.41,17.7,17.19,357.93K,-0.96%,0.0000%
8/29/2024,17.46,17.52,17.73,17.39,230.00K,0.00%,1.3261%
8/30/2024,17.23,17.5,17.5,17.03,239.59K,-1.32%,0.9916%
9/3/2024,17.06,17.07,17.43,16.9,274.48K,-0.99%,-0.4678%
9/4/2024,17.14,17.03,17.21,16.8,757.84K,0.47%,0.3507%
9/5/2024,17.08,17.22,17.33,17,200.95K,-0.35%,3.6975%
9/6/2024,16.46,16.99,17.08,16.44,303.68K,-3.63%,0.5483%
9/9/2024,16.37,16.42,16.5,16.2,244.73K,-0.55%,-0.1831%
9/10/2024,16.4,16.35,16.46,16.01,268.37K,0.18%,4.6810%
9/11/2024,15.65,15.7,16,14.75,801.18K,-4.57%,-0.8272%
9/12/2024,15.78,15.7,15.82,15.46,230.95K,0.83%,-2.9350%
9/13/2024,16.25,15.91,16.34,15.77,172.89K,2.98%,-1.5267%
9/16/2024,16.5,16.27,16.52,16.2,151.87K,1.54%,0.6079%
9/17/2024,16.4,16.6,16.76,16.38,327.73K,-0.61%,1.5361%
9/18/2024,16.15,16.43,16.53,16.12,268.77K,-1.52%,-0.8631%
9/19/2024,16.29,16.33,16.41,16.16,143.36K,0.87%,1.9839%
9/20/2024,15.97,16.29,16.36,15.94,260.34K,-1.96%,-0.4997%
9/23/2024,16.05,16.02,16.07,15.89,117.58K,0.50%,0.3120%
9/24/2024,16,16.11,16.15,15.93,259.94K,-0.31%,-1.2423%
9/25/2024,16.2,16.01,16.34,15.95,195.86K,1.25%,-1.7743%
9/26/2024,16.49,16.34,16.58,16.18,200.07K,1.79%,0.0607%
9/27/2024,16.48,16.51,16.62,16.48,219.03K,-0.06%,1.8372%
9/30/2024,16.18,16.51,16.6,16.07,276.03K,-1.82%,1.1812%
10/1/2024,15.99,16.27,16.27,15.91,206.84K,-1.17%,-1.7974%
10/2/2024,16.28,15.88,16.32,15.88,364.65K,1.81%,-0.1841%
10/3/2024,16.31,16.24,16.43,16.23,178.34K,0.18%,-1.0369%
10/4/2024,16.48,16.34,16.55,16.07,186.64K,1.04%,2.7062%
10/7/2024,16.04,16.51,16.51,16.03,173.36K,-2.67%,-0.7453%
10/8/2024,16.16,15.99,16.25,15.88,185.08K,0.75%,0.2478%
10/9/2024,16.12,16.15,16.22,16.02,149.62K,-0.25%,0.1241%
10/10/2024,16.1,16.06,16.23,16.02,128.01K,-0.12%,-0.9889%
10/11/2024,16.26,16.15,16.35,16.12,115.46K,0.99%,-0.2457%
10/14/2024,16.3,16.15,16.33,16.1,132.11K,0.25%,-1.3407%
10/15/2024,16.52,16.25,16.63,16.23,187.33K,1.35%,0.0000%
10/16/2024,16.52,16.61,16.74,16.5,158.30K,0.00%,0.3639%
10/17/2024,16.46,16.47,16.53,16.32,143.83K,-0.36%,-0.1214%
10/18/2024,16.48,16.55,16.63,16.45,121.51K,0.12%,0.7308%
10/21/2024,16.36,16.49,16.52,16.29,120.06K,-0.73%,1.0446%
10/22/2024,16.19,16.22,16.25,15.99,204.15K,-1.04%,3.5202%
10/23/2024,15.63,16.09,16.09,15.48,464.21K,-3.46%,-1.0818%
10/24/2024,15.8,15.64,15.97,15.52,307.40K,1.09%,-1.0076%
10/25/2024,15.96,15.82,16,15.8,114.13K,1.01%,0.3766%
10/28/2024,15.9,16.4,16.4,15.89,235.37K,-0.38%,-0.1885%
10/29/2024,15.93,15.89,16.05,15.86,120.49K,0.19%,-0.1881%
10/30/2024,15.96,15.91,16.21,15.81,156.62K,0.19%,-1.8007%
10/31/2024,16.25,15.95,16.26,15.9,269.44K,1.82%,-2.6717%
11/1/2024,16.69,16.4,16.74,16.33,275.55K,2.71%,0.2400%
11/4/2024,16.65,16.68,16.74,16.4,232.03K,-0.24%,-2.3153%
11/5/2024,17.04,16.69,17.06,16.67,216.59K,2.34%,-1.1669%
11/6/2024,17.24,17.15,17.44,17,266.34K,1.17%,-3.9243%
11/7/2024,17.93,17.26,17.95,17.15,289.13K,4.00%,0.0000%
