Player,Transfer Date,Average Sentiment,Media Coverage Intensity,Posts Analyzed
Rasmus Hojlund,2023-08-05,0.21809302325581392,104.75599999999999,86
Andre Onana,2023-07-20,0.24416900000000002,124.41690000000001,100
Mason Mount,2023-07-05,0.13499000000000003,113.499,100
Antony,2022-08-30,0.13910864197530864,92.26780000000001,81
Casemiro,2022-08-22,0.18588245614035087,67.59530000000001,57
Lisandro Mart√≠nez,2022-07-27,0.246798,124.6798,100
Christian Eriksen,2022-07-15,0.19566600000000012,119.56660000000001,100
Tyrell Malacia,2022-07-05,0.33422100000000027,133.42210000000003,100
Cristiano Ronaldo,2021-08-31,0.17959000000000003,117.95900000000002,100
Raphael Varane,2021-08-14,0.23671299999999995,123.6713,100
Jadon Sancho,2021-07-23,0.192094,119.2094,100
