Date,Price,Open,High,Low,Vol.,return,log return,Volatility
1/5/2021,16.43,16.45,16.54,16.33,86.78K,-0.0024286581663630624,-3.4104%,0.02162521451046007
1/6/2021,17.0,16.53,17.02,16.52,160.16K,0.03469263542300682,-0.1763%,0.02048428569363497
1/7/2021,17.03,17.0,17.12,16.75,88.48K,0.0017647058823531125,1.1219%,0.024404913019862896
1/8/2021,16.84,16.99,17.07,16.61,59.16K,-0.011156782149148614,0.8947%,0.022745413445389225
1/11/2021,16.69,16.71,16.94,16.54,49.44K,-0.008907363420427417,0.8424%,0.021894562200435543
1/12/2021,16.55,16.79,16.79,16.47,60.71K,-0.008388256440982622,0.9105%,0.02102384888227588
1/13/2021,16.4,16.53,16.6,16.34,74.19K,-0.009063444108761476,-0.3044%,0.020288838873538897
1/14/2021,16.45,16.49,16.6,16.4,79.65K,0.0030487804878049918,1.0388%,0.019758991840491503
1/15/2021,16.28,16.46,16.46,16.17,82.25K,-0.010334346504559111,1.5475%,0.018989871335961347
1/19/2021,16.03,16.37,16.39,15.97,226.56K,-0.01535626535626533,-0.4978%,0.01885834934768976
1/20/2021,16.11,16.15,16.32,16.1,77.56K,0.004990642545227519,1.3750%,0.019367007493079298
1/21/2021,15.89,15.97,16.18,15.79,145.13K,-0.013656114214773307,3.3272%,0.01874945547266925
1/22/2021,15.37,15.74,15.86,15.26,136.98K,-0.03272498426683457,0.5219%,0.019053668703915595
1/25/2021,15.29,15.07,15.36,14.58,256.15K,-0.005204944697462577,0.7220%,0.023040254529524174
1/26/2021,15.18,14.8,15.27,14.65,264.33K,-0.007194244604316502,2.7381%,0.021728048161042537
1/27/2021,14.77,14.94,15.14,14.6,244.22K,-0.027009222661396604,1.2262%,0.0207705734225667
1/28/2021,14.59,14.71,14.87,14.52,192.18K,-0.012186865267433955,1.2414%,0.022850181648773105
1/29/2021,14.41,14.64,14.7,14.26,127.47K,-0.012337217272104128,-2.3998%,0.022076831761367422
2/1/2021,14.76,14.5,14.82,14.41,92.26K,0.024288688410825765,-3.3969%,0.021478627155624513
2/2/2021,15.27,14.99,15.33,14.9,126.15K,0.03455284552845517,0.5911%,0.022765509433524532
2/3/2021,15.18,15.27,15.31,15.04,83.73K,-0.005893909626719096,-2.2151%,0.0258795310078145
2/4/2021,15.52,15.26,15.71,15.22,74.41K,0.022397891963109373,-3.2332%,0.024089868196943406
2/5/2021,16.03,15.85,16.18,15.68,157.13K,0.03286082474226815,-1.4246%,0.02437320110353924
2/8/2021,16.26,16.18,16.37,16.11,106.57K,0.014348097317529618,2.0504%,0.026602339475853082
2/9/2021,15.93,16.19,16.24,15.76,79.20K,-0.02029520295202958,0.6929%,0.025285757799282983
2/10/2021,15.82,16.07,16.07,15.75,71.20K,-0.0069052102950407646,0.7614%,0.0249995699624907
2/11/2021,15.7,15.81,15.83,15.6,71.38K,-0.007585335018963413,1.0243%,0.02341459492879392
2/12/2021,15.54,15.7,15.78,15.52,78.09K,-0.010191082802547768,-6.2364%,0.022158925106014454
2/16/2021,16.54,15.74,16.62,15.6,294.75K,0.0643500643500643,0.9721%,0.021339946747736448
2/17/2021,16.38,16.37,16.46,15.96,173.71K,-0.0096735187424426,1.9729%,0.03387683056519802
2/18/2021,16.06,16.43,16.44,15.97,103.16K,-0.019536019536019578,-1.4220%,0.030959902906796205
2/19/2021,16.29,16.01,16.4,16.01,85.98K,0.014321295143213009,-4.8527%,0.02941057090216566
2/22/2021,17.1,16.25,17.47,16.11,216.12K,0.049723756906077554,-1.3361%,0.027571796292831262
2/23/2021,17.33,17.05,17.5,17.02,175.53K,0.013450292397660712,-0.6901%,0.032924733279667245
2/24/2021,17.45,17.43,17.59,17.26,121.81K,0.006924408540103899,-0.7991%,0.030403537489898172
2/25/2021,17.59,17.52,17.78,17.37,165.71K,0.008022922636103269,-7.0243%,0.027893250348206194
2/26/2021,18.87,18.19,19.25,17.93,437.53K,0.07276861853325767,-0.1059%,0.025853153627509146
3/1/2021,18.89,18.72,19.12,18.0,261.81K,0.0010598834128245915,1.6009%,0.038957559094189576
3/2/2021,18.59,19.03,19.39,18.24,681.04K,-0.015881418740074205,-4.9840%,0.0350166665050198
3/3/2021,19.54,18.4,19.7,18.4,219.48K,0.051102743410435636,3.7012%,0.03236548876919729
3/4/2021,18.83,19.46,19.6,18.61,141.42K,-0.03633572159672471,-5.0231%,0.0364668844536365
3/5/2021,19.8,19.0,19.85,18.81,222.75K,0.05151354221986204,-1.0050%,0.03631979665808287
3/8/2021,20.0,19.98,20.0,19.4,242.66K,0.010101010101010166,0.1501%,0.0393222629142673
3/9/2021,19.97,20.0,20.22,19.91,122.98K,-0.0015000000000000568,0.1503%,0.03557871628308678
3/10/2021,19.94,20.05,20.14,19.71,144.51K,-0.001502253380069929,-0.9483%,0.03213686860562731
3/11/2021,20.13,20.01,20.22,19.29,227.33K,0.00952858575727178,9.7498%,0.029215363166626884
3/12/2021,18.26,18.3,18.44,17.72,2.19M,-0.09289617486338786,-2.7014%,0.027039338229396817
3/15/2021,18.76,18.33,19.0,18.3,528.70K,0.027382256297918905,-0.6376%,0.046569645039044205
3/16/2021,18.88,18.79,18.94,18.3,532.64K,0.006396588486140553,3.2843%,0.043125976504024895
3/17/2021,18.27,18.9,18.9,18.14,205.91K,-0.03230932203389825,3.0002%,0.03868113860658524
3/18/2021,17.73,18.22,18.28,17.72,194.63K,-0.029556650246305383,1.1344%,0.037383015835258056
3/19/2021,17.53,17.75,17.99,17.48,171.59K,-0.011280315848843703,1.2052%,0.03593017714403069
3/22/2021,17.32,17.66,17.9,17.25,179.12K,-0.01197946377638337,1.2199%,0.03278467779474372
3/23/2021,17.11,17.31,17.45,17.09,276.07K,-0.012124711316397252,-0.9308%,0.030191794026714697
3/24/2021,17.27,17.14,18.37,16.61,2.53M,0.009351256575102385,2.6997%,0.0280463196359321
3/25/2021,16.81,17.03,17.03,16.41,302.92K,-0.026635784597568102,4.0054%,0.02605861399197661
3/26/2021,16.15,16.72,16.72,15.91,301.20K,-0.03926234384295069,1.2461%,0.026626641148422846
3/29/2021,15.95,16.05,16.26,15.87,191.43K,-0.01238390092879249,0.9449%,0.029687557962701495
3/30/2021,15.8,15.93,16.2,15.79,382.65K,-0.00940438871473348,0.3805%,0.02764998845898188
3/31/2021,15.74,15.81,16.08,15.65,198.48K,-0.0037974683544304,-3.1272%,0.025747747851030005
4/1/2021,16.24,15.72,16.28,15.7,327.60K,0.031766200762388674,-0.4914%,0.023903478151209148
4/5/2021,16.32,16.54,16.68,16.02,252.86K,0.0049261083743843415,-2.6604%,0.02603126016109931
4/6/2021,16.76,16.32,16.86,16.32,353.55K,0.026960784313725616,0.0000%,0.024168273587537783
4/7/2021,16.76,17.1,17.17,16.66,507.18K,0.0,1.5635%,0.02524074139270165
4/8/2021,16.5,16.76,17.01,16.43,321.12K,-0.015513126491646823,-0.1211%,0.023425928169948852
4/9/2021,16.52,16.46,16.64,16.25,231.26K,0.00121212121212122,0.8511%,0.02290167915306366
4/12/2021,16.38,16.72,16.72,16.14,268.66K,-0.008474576271186529,0.7968%,0.02150325278010661
4/13/2021,16.25,16.32,16.48,16.1,238.25K,-0.007936507936507908,1.2384%,0.02067800669717918
4/14/2021,16.05,16.2,16.4,16.02,303.07K,-0.012307692307692242,-1.5456%,0.019980217080161435
4/15/2021,16.3,16.24,16.53,16.11,300.08K,0.015576323987538832,0.8007%,0.019833971984779205
4/16/2021,16.17,16.38,16.43,16.05,143.14K,-0.00797546012269934,-6.5234%,0.0201044046872577
4/19/2021,17.26,17.6,17.95,17.13,1.56M,0.06740878169449593,6.2147%,0.019527696040489803
4/20/2021,16.22,17.16,17.55,16.01,827.20K,-0.0602549246813443,-1.9537%,0.03409815036007514
4/21/2021,16.54,16.22,16.55,16.07,577.63K,0.019728729963008673,1.4003%,0.04006100633217309
4/22/2021,16.31,16.65,16.68,16.14,336.57K,-0.013905683192261264,0.6767%,0.036905018629266303
4/23/2021,16.2,16.29,16.52,16.11,268.71K,-0.006744328632740659,-4.1710%,0.0337841608480232
4/26/2021,16.89,16.36,16.91,16.25,321.37K,0.04259259259259274,0.8921%,0.030740523186750676
4/27/2021,16.74,16.89,16.98,16.63,205.14K,-0.008880994671403353,-2.7108%,0.033295706478038374
4/28/2021,17.2,16.71,17.2,16.56,368.45K,0.027479091995221028,-3.0913%,0.030427525409333883
4/29/2021,17.74,17.2,17.82,17.2,516.04K,0.03139534883720918,0.0564%,0.030082134112298594
4/30/2021,17.73,17.73,17.84,17.55,282.50K,-0.0005636978579480756,1.4773%,0.03049549321916726
5/3/2021,17.47,17.64,17.71,17.26,220.60K,-0.014664410603496991,1.9070%,0.027822544833392332
5/4/2021,17.14,17.47,17.5,17.02,267.95K,-0.018889524899828203,2.4809%,0.0263278723553653
5/5/2021,16.72,17.15,17.32,16.72,155.20K,-0.024504084014002392,1.3851%,0.025621005185316383
5/6/2021,16.49,16.68,16.88,16.37,253.15K,-0.013755980861244077,-0.9055%,0.025922950117899926
5/7/2021,16.64,16.49,16.81,16.43,184.03K,0.009096422073984423,3.4233%,0.02469790543404114
5/10/2021,16.08,16.68,16.75,16.08,208.62K,-0.033653846153846256,0.6238%,0.023289404109946205
5/11/2021,15.98,15.86,16.04,15.6,509.40K,-0.006218905472636704,3.0498%,0.026074020174196487
5/12/2021,15.5,15.95,15.98,15.34,264.26K,-0.030037546933667114,1.0376%,0.024265388327423098
5/13/2021,15.34,15.54,15.74,15.03,268.82K,-0.010322580645161339,-2.9546%,0.02596536146347667
5/14/2021,15.8,15.75,16.11,15.56,318.81K,0.02998696219035213,-0.6309%,0.024428646260295464
5/17/2021,15.9,15.68,16.07,15.5,353.04K,0.006329113924050667,0.1259%,0.02602982884333248
5/18/2021,15.88,15.89,16.06,15.73,252.49K,-0.0012578616352201255,1.6508%,0.02422440861822657
5/19/2021,15.62,15.63,15.77,15.5,260.03K,-0.016372795969773368,0.2564%,0.02259293599429205
5/20/2021,15.58,15.78,15.78,15.51,227.71K,-0.002560819462227859,0.2571%,0.022359406837526206
5/21/2021,15.54,15.7,15.77,15.47,199.30K,-0.0025673940949936247,-0.8969%,0.021084691383275258
5/24/2021,15.68,15.63,15.85,15.57,306.57K,0.009009009009009139,0.8325%,0.02004946004474185
5/25/2021,15.55,15.65,16.13,15.52,265.40K,-0.008290816326530503,-2.7903%,0.019548596705164994
5/26/2021,15.99,15.68,16.07,15.57,324.60K,0.028295819935691302,1.0689%,0.019113106146643594
5/27/2021,15.82,15.79,15.87,15.51,266.85K,-0.010631644777986282,1.2083%,0.02195404341402828
5/28/2021,15.63,15.89,15.95,15.54,226.02K,-0.012010113780025256,-0.1279%,0.02121557094885409
6/1/2021,15.65,15.73,15.99,15.63,214.60K,0.001279590531030106,0.0000%,0.020765814217485336
6/2/2021,15.65,15.76,15.78,15.42,1.10M,0.0,-1.7105%,0.019765852696351185
6/3/2021,15.92,15.47,16.1,15.34,854.60K,0.017252396166134165,1.7105%,0.018954502719611722
6/4/2021,15.65,15.86,15.99,15.56,369.11K,-0.016959798994974795,-0.0639%,0.01969101179560029
6/7/2021,15.66,15.71,16.02,15.59,253.09K,0.0006389776357826893,-0.7634%,0.020226188404130815
6/8/2021,15.78,15.78,15.83,15.55,190.13K,0.007662835249041988,0.8272%,0.01932565189380953
6/9/2021,15.65,15.74,15.75,15.56,162.02K,-0.008238276299112779,-0.2553%,0.01887493463695331
6/10/2021,15.69,15.74,15.85,15.63,188.17K,0.002555910543130979,-0.3817%,0.018580817644363444
6/11/2021,15.75,15.84,15.9,15.67,156.22K,0.003824091778202643,1.6000%,0.018038845861979503
6/14/2021,15.5,15.82,15.85,15.49,154.39K,-0.015873015873015928,0.2584%,0.017650425330278323
6/15/2021,15.46,15.41,15.54,15.39,198.80K,-0.002580645161290307,0.0000%,0.018549188613332695
6/16/2021,15.46,15.46,15.51,15.39,153.21K,0.0,0.1942%,0.018019693823581144
6/17/2021,15.43,15.48,15.56,15.39,261.35K,-0.0019404915912031306,-0.7104%,0.017565049469417532
6/18/2021,15.54,15.4,15.61,15.4,441.41K,0.0071289695398573105,0.2577%,0.017228880784857698
6/21/2021,15.5,15.4,15.78,15.4,337.58K,-0.002574002574002532,0.5823%,0.017202444949241117
6/22/2021,15.41,15.4,15.5,15.39,362.11K,-0.005806451612903163,-0.3886%,0.01696095805482612
6/23/2021,15.47,15.47,15.51,15.4,203.07K,0.0038935756002596023,-0.1937%,0.016920290336098834
6/24/2021,15.5,15.55,15.55,15.4,194.53K,0.0019392372333548735,-0.1934%,0.01677968434446523
6/25/2021,15.53,15.51,15.63,15.47,101.22K,0.001935483870967758,1.7539%,0.01661162572386706
6/28/2021,15.26,15.46,15.46,15.18,524.56K,-0.017385705086928493,0.3282%,0.016481138202947467
6/29/2021,15.21,15.25,15.36,15.16,135.33K,-0.003276539973787629,0.1316%,0.017956558842747602
6/30/2021,15.19,15.16,15.23,15.03,242.61K,-0.0013149243918475495,-0.6562%,0.017573454772274243
7/1/2021,15.29,15.3,15.37,15.11,361.36K,0.006583278472679366,-0.2613%,0.017224225485662895
7/2/2021,15.33,15.36,15.36,15.25,106.63K,0.0026160889470243642,1.5779%,0.017160477168243496
7/6/2021,15.09,15.38,15.4,15.01,191.11K,-0.015655577299412915,0.9990%,0.01692371928341192
7/7/2021,14.94,15.09,15.09,14.86,439.62K,-0.00994035785288272,0.2010%,0.017986517753141723
7/8/2021,14.91,14.71,14.94,14.71,225.44K,-0.00200803212851397,-0.7351%,0.018046079560301475
7/9/2021,15.02,14.76,15.08,14.76,158.03K,0.007377598926894713,-0.1995%,0.01760847971525633
7/12/2021,15.05,14.83,15.07,14.83,99.83K,0.001997336884154599,1.2705%,0.017513724224391937
7/13/2021,14.86,15.01,15.01,14.77,168.59K,-0.012624584717608078,-1.0044%,0.017185581571410348
7/14/2021,15.01,14.92,15.09,14.86,268.30K,0.010094212651413192,-0.5978%,0.01774637120242356
7/15/2021,15.1,15.03,15.13,14.84,170.80K,0.005996002664889977,0.0000%,0.01785700689634099
7/16/2021,15.1,15.14,15.23,15.02,201.20K,0.0,2.4130%,0.017614026008976266
7/19/2021,14.74,15.03,15.03,14.54,1.29M,-0.02384105960264893,-2.1477%,0.017245691049542957
7/20/2021,15.06,14.65,15.18,14.49,570.72K,0.02170963364993228,-3.5229%,0.01975170249946349
7/21/2021,15.6,15.19,15.8,15.19,439.70K,0.03585657370517925,-0.9569%,0.02103276559114117
7/22/2021,15.75,15.65,15.92,15.42,2.34M,0.009615384615384581,-0.9479%,0.025055198396990077
7/23/2021,15.9,15.92,16.27,15.78,345.07K,0.00952380952380949,0.8844%,0.0236174924035404
7/26/2021,15.76,15.9,15.95,15.52,306.16K,-0.008805031446540879,-0.2535%,0.022442353211905363
7/27/2021,15.8,15.71,15.87,15.66,354.91K,0.002538071065989911,-0.8822%,0.021455827358684697
7/28/2021,15.94,15.8,16.02,15.76,282.41K,0.008860759493670711,-0.1880%,0.020344717230450268
7/29/2021,15.97,15.95,16.0,15.78,184.98K,0.0018820577164366803,-0.6864%,0.019769961639630403
7/30/2021,16.08,15.99,16.17,15.94,161.26K,0.00688791484032536,-0.4963%,0.01897267463880081
8/2/2021,16.16,16.1,16.25,16.09,171.15K,0.004975124378109541,1.6220%,0.01854393788746801
8/3/2021,15.9,16.1,16.15,15.75,207.76K,-0.016089108910891103,0.0000%,0.018097451522227585
8/4/2021,15.9,15.69,16.09,15.69,125.78K,0.0,-1.9926%,0.018910474545887228
8/5/2021,16.22,15.9,16.26,15.88,171.75K,0.020125786163522008,-0.4920%,0.018271028089189855
8/6/2021,16.3,16.43,16.43,16.12,144.18K,0.004932182490752224,0.4920%,0.019679467911084544
8/9/2021,16.22,16.22,16.29,16.12,88.55K,-0.004907975460122782,-0.7983%,0.018995350283595933
8/10/2021,16.35,16.3,16.42,16.17,132.28K,0.008014796547472391,-1.0344%,0.018460675033754287
8/11/2021,16.52,16.4,16.57,16.3,163.78K,0.01039755351681948,-2.2742%,0.018223648475195933
8/12/2021,16.9,16.66,16.92,16.51,371.67K,0.02300242130750596,-0.6488%,0.018253129656393415
8/13/2021,17.01,16.89,17.05,16.8,324.36K,0.0065088757396452035,0.0588%,0.02022059771830982
8/16/2021,17.0,17.04,17.1,16.8,263.59K,-0.0005878894767784582,0.8863%,0.019508916885621497
8/17/2021,16.85,16.9,16.95,16.62,254.97K,-0.008823529411764675,-1.7648%,0.018750895819819757
8/18/2021,17.15,16.78,17.22,16.75,150.78K,0.01780415430267035,0.2335%,0.018532835152641147
8/19/2021,17.11,17.08,17.17,16.83,173.93K,-0.0023323615160348865,-2.2538%,0.019468438399566638
8/20/2021,17.5,17.11,17.53,17.0,254.17K,0.0227936879018118,-1.0233%,0.018744566386350716
8/23/2021,17.68,17.48,17.74,17.45,226.13K,0.010285714285714231,-1.2367%,0.020522008071984524
8/24/2021,17.9,17.72,17.93,17.65,216.62K,0.012443438914027105,3.4094%,0.020031295766608656
8/25/2021,17.3,17.19,17.41,17.04,1.10M,-0.03351955307262555,0.1157%,0.01986566473407245
8/26/2021,17.28,17.24,17.3,17.0,649.23K,-0.0011560693641617936,-5.6805%,0.023761428834976464
8/27/2021,18.29,17.38,19.15,17.31,2.42M,0.05844907407407396,4.1870%,0.02221052085952078
8/30/2021,17.54,18.64,18.71,17.35,1.06M,-0.041006014215418274,1.7252%,0.03236276316706866
8/31/2021,17.24,17.44,17.54,16.66,3.50M,-0.01710376282782211,-2.2370%,0.03415680621458876
9/1/2021,17.63,17.39,17.75,17.14,394.35K,0.022621809744779675,1.9474%,0.03176541398952969
9/2/2021,17.29,17.85,17.9,17.25,232.91K,-0.019285309132161088,-0.0578%,0.03042300956937227
9/3/2021,17.3,17.34,17.39,17.05,220.14K,0.0005783689994216523,0.6961%,0.02894625386710782
9/7/2021,17.18,17.33,17.36,16.92,339.04K,-0.006936416184971206,0.2915%,0.026518531120713416
9/8/2021,17.13,17.17,17.53,17.11,258.60K,-0.0029103608847497187,-0.8718%,0.024667867272760633
9/9/2021,17.28,17.18,17.47,17.03,164.51K,0.008756567425569406,0.0000%,0.022987146306560676
9/10/2021,17.28,17.35,17.46,17.25,197.85K,0.0,-2.3450%,0.02187658882776205
9/13/2021,17.69,17.6,17.82,17.45,418.52K,0.02372685185185186,-0.4512%,0.020660846597086436
9/14/2021,17.77,17.7,18.04,17.62,450.88K,0.0045223289994347216,1.4169%,0.022067158190617553
9/15/2021,17.52,17.69,17.76,17.43,184.22K,-0.014068655036578503,-0.5692%,0.0208998423097812
9/16/2021,17.62,17.48,17.74,17.37,225.05K,0.005707762557077611,-2.0781%,0.020752716146563297
9/17/2021,17.99,17.62,18.12,17.59,523.49K,0.02099886492622005,1.1742%,0.01989079443470903
9/20/2021,17.78,17.62,17.97,17.53,478.27K,-0.01167315175097261,-2.0045%,0.02100505030957697
9/21/2021,18.14,17.84,18.36,17.72,359.98K,0.020247469066366763,-1.8028%,0.020565576333621993
9/22/2021,18.47,18.3,18.57,18.25,245.63K,0.018191841234840078,-4.8094%,0.0213702792026403
9/23/2021,19.38,18.53,19.49,18.53,426.14K,0.0492690850027071,-2.9990%,0.021646663233329835
9/24/2021,19.97,19.38,20.13,19.24,452.45K,0.030443756449948456,-2.6194%,0.029184296775979748
9/27/2021,20.5,19.79,20.86,19.7,749.18K,0.026539809714571927,4.0822%,0.029640470186824173
9/28/2021,19.68,19.86,20.26,19.65,410.99K,-0.040000000000000036,0.2544%,0.02931776792063117
9/29/2021,19.63,19.73,19.82,19.23,237.92K,-0.002540650406504086,1.3334%,0.03174311503885531
9/30/2021,19.37,19.77,19.82,19.32,172.70K,-0.013245033112582627,-3.1006%,0.02889607089230016
10/1/2021,19.98,19.46,20.08,19.46,156.72K,0.03149199793495083,1.5637%,0.0270710733566295
10/4/2021,19.67,19.97,19.98,19.61,122.55K,-0.015515515515515443,0.2545%,0.028261463669785592
10/5/2021,19.62,19.65,19.8,19.51,89.06K,-0.00254194204372149,14.6872%,0.026771553450222512
10/6/2021,16.94,17.22,17.36,16.57,4.10M,-0.13659531090723753,0.2956%,0.02472362438505168
10/7/2021,16.89,17.15,17.15,16.85,1.21M,-0.002951593860684776,2.5181%,0.062230921702336836
10/8/2021,16.47,16.94,17.05,16.44,907.77K,-0.02486678507992901,2.5209%,0.05512535906732774
10/11/2021,16.06,16.27,16.69,16.02,1.05M,-0.024893746205221667,-2.5816%,0.05007395210299234
10/12/2021,16.48,16.03,16.5,15.93,871.59K,0.026151930261519407,0.1822%,0.04581440886218024
10/13/2021,16.45,16.61,16.67,16.31,459.29K,-0.00182038834951459,-0.3641%,0.04236095842055405
10/14/2021,16.51,16.59,16.65,16.34,221.86K,0.0036474164133739606,-0.6039%,0.037940872095577644
10/15/2021,16.61,16.47,16.64,16.43,358.66K,0.006056935190793311,-0.1203%,0.03417783682828771
10/18/2021,16.63,16.5,16.68,16.38,415.55K,0.0012040939193256328,0.3614%,0.031040429057073007
10/19/2021,16.57,16.75,16.75,16.44,451.34K,-0.0036079374624172766,0.0000%,0.028284628547245245
10/20/2021,16.57,16.47,16.67,16.43,253.97K,0.0,1.0312%,0.026010304293736367
10/21/2021,16.4,16.64,16.75,16.33,197.06K,-0.01025950512975271,1.2270%,0.024064631942685447
10/22/2021,16.2,16.31,16.37,16.06,204.09K,-0.012195121951219523,0.7435%,0.02287775286483554
10/25/2021,16.08,16.06,16.16,15.83,695.11K,-0.007407407407407418,-0.8052%,0.022099602710937596
10/26/2021,16.21,16.21,16.29,16.07,309.72K,0.008084577114428004,-0.2465%,0.021083292009705146
10/27/2021,16.25,16.15,16.25,16.06,271.36K,0.002467612584824197,-0.3072%,0.02029921063661176
10/28/2021,16.3,16.16,16.41,16.13,196.22K,0.0030769230769231992,0.0614%,0.019408905482468836
10/29/2021,16.29,16.25,16.37,16.2,197.04K,-0.0006134969325154449,-1.8851%,0.01871094774333224
11/1/2021,16.6,16.35,16.61,16.35,241.44K,0.01903007980356053,2.5009%,0.018114843648825846
11/2/2021,16.19,16.61,16.61,16.09,374.11K,-0.024698795180722932,1.3682%,0.019371997448807857
11/3/2021,15.97,16.07,16.09,15.75,344.85K,-0.013588634959851853,-0.1252%,0.021389035830506928
11/4/2021,15.99,15.91,16.11,15.86,392.74K,0.0012523481527864089,-2.1653%,0.021075856520148598
11/5/2021,16.34,16.36,16.51,16.17,508.77K,0.021888680425265816,-0.4884%,0.020016352450316046
11/8/2021,16.42,16.33,16.5,16.25,238.90K,0.004895960832313362,-0.0609%,0.021257034240342677
11/9/2021,16.43,16.21,16.45,16.02,361.45K,0.0006090133982945556,1.8428%,0.020258994694020833
11/10/2021,16.13,16.41,16.42,16.1,226.75K,-0.01825928180158254,-0.4947%,0.019351916642067896
11/11/2021,16.21,16.13,16.24,15.91,319.82K,0.00495970241785515,1.1790%,0.020178069072407993
11/12/2021,16.02,16.23,16.23,15.93,233.64K,-0.011721159777914991,0.0000%,0.019394704354071642
11/15/2021,16.02,16.09,16.22,16.0,344.90K,0.0,0.7519%,0.019316120915762684
11/16/2021,15.9,16.06,16.07,15.73,1.19M,-0.0074906367041197575,-0.1257%,0.018594511887742016
11/17/2021,15.92,15.88,16.01,15.62,484.62K,0.0012578616352201255,1.2006%,0.01830393823969374
11/18/2021,15.73,15.66,15.99,15.57,987.68K,-0.011934673366834181,0.8299%,0.01779629101641012
11/19/2021,15.6,15.74,15.83,15.52,232.44K,-0.008264462809917439,0.5141%,0.01811922364028173
11/22/2021,15.52,15.73,15.88,15.47,873.35K,-0.00512820512820511,-1.0894%,0.01799512625705816
11/23/2021,15.69,16.0,16.47,15.6,1.20M,0.010953608247422641,1.6710%,0.017684623849957403
11/24/2021,15.43,15.61,15.71,15.38,705.51K,-0.016571064372211564,-0.3881%,0.017899585716400657
11/26/2021,15.49,15.14,15.66,15.11,586.34K,0.0038885288399221896,0.2586%,0.018840457524311377
11/29/2021,15.45,15.61,15.66,15.24,722.12K,-0.002582311168495832,0.2592%,0.018285504507206972
11/30/2021,15.41,15.25,15.56,14.94,3.23M,-0.0025889967637540146,3.6344%,0.017811269034551897
12/1/2021,14.86,15.41,15.63,14.67,742.18K,-0.035691109669046095,-0.4030%,0.017437967012761603
12/2/2021,14.92,14.97,15.17,14.84,492.93K,0.004037685060565233,0.0000%,0.022845835327704365
12/3/2021,14.92,14.94,15.06,14.71,402.18K,0.0,-0.6680%,0.021516855591301752
12/6/2021,15.02,14.97,15.25,14.92,378.42K,0.006702412868632601,-2.0429%,0.020368247704344963
12/7/2021,15.33,15.13,15.44,15.06,342.23K,0.020639147802929525,0.7859%,0.01963815532335364
12/8/2021,15.21,15.36,15.43,15.13,252.20K,-0.007827788649706457,1.3236%,0.020757288137988335
12/9/2021,15.01,15.16,15.27,14.76,406.17K,-0.013149243918474718,1.7474%,0.020035587605663978
12/10/2021,14.75,14.95,15.0,14.69,308.58K,-0.017321785476349105,2.1241%,0.019973859576430303
12/13/2021,14.44,14.82,14.82,14.32,435.20K,-0.021016949152542375,1.4650%,0.02049294544770962
12/14/2021,14.23,14.43,14.46,14.1,431.57K,-0.01454293628808856,1.4868%,0.021484931500291498
12/15/2021,14.02,14.18,14.21,13.88,617.37K,-0.014757554462403455,0.7158%,0.021264825101309857
12/16/2021,13.92,14.04,14.23,13.89,685.22K,-0.007132667617688937,-0.4301%,0.021120831301508845
12/17/2021,13.98,13.96,14.03,13.81,465.26K,0.004310344827586299,0.0000%,0.020279219900302823
12/20/2021,13.98,13.9,14.02,13.75,616.58K,0.0,-0.7128%,0.019448614848027214
12/21/2021,14.08,14.12,14.31,14.0,345.25K,0.007153075822603716,0.4270%,0.018700423329436756
12/22/2021,14.02,14.1,14.14,13.96,238.46K,-0.0042613636363636465,-1.4868%,0.018347919648198444
12/23/2021,14.23,14.05,14.33,14.02,281.24K,0.014978601997146956,-1.2570%,0.017919765470433103
12/27/2021,14.41,14.3,14.44,14.12,350.53K,0.012649332396345692,-0.1387%,0.018583927927010635
12/28/2021,14.43,14.48,14.67,14.4,315.50K,0.001387925052047212,1.3957%,0.018777072409466248
12/29/2021,14.23,14.4,14.41,14.18,337.39K,-0.013860013860013787,-0.2106%,0.01817298403726959
12/30/2021,14.26,14.18,14.43,14.18,251.32K,0.0021082220660575413,0.1404%,0.01864630144942996
12/31/2021,14.24,14.31,14.35,14.08,415.28K,-0.0014025245441794398,-3.0431%,0.018080864350428705
1/3/2022,14.68,14.26,14.68,14.25,303.75K,0.030898876404494402,0.1363%,0.017624786424601815
1/4/2022,14.66,14.76,14.81,14.6,256.56K,-0.0013623978201634523,0.3416%,0.021619572905764012
1/5/2022,14.61,14.65,14.78,14.52,380.94K,-0.0034106412005457942,-1.8312%,0.020461075215845757
1/6/2022,14.88,14.58,15.05,14.56,382.53K,0.01848049281314168,0.8097%,0.019570099303311498
1/7/2022,14.76,14.88,14.94,14.71,356.09K,-0.008064516129032362,0.3393%,0.02034162800990282
1/10/2022,14.71,14.72,14.92,14.45,306.53K,-0.003387533875338633,-0.6775%,0.019722290463859985
1/11/2022,14.81,14.77,14.83,14.68,192.13K,0.00679809653297081,0.9498%,0.01897706153110689
1/12/2022,14.67,14.85,15.01,14.66,231.83K,-0.009453072248480798,1.1656%,0.018541548527484977
1/13/2022,14.5,14.6,14.77,14.45,254.76K,-0.011588275391956393,2.3022%,0.018426720384984826
1/14/2022,14.17,14.54,14.6,14.08,369.20K,-0.022758620689655173,0.7793%,0.01855795451922334
1/18/2022,14.06,14.08,14.39,14.04,363.57K,-0.007762879322512295,0.7854%,0.020425402413404563
1/19/2022,13.95,14.05,14.19,13.89,408.08K,-0.007823613086771042,1.6625%,0.0197668870275525
1/20/2022,13.72,13.92,14.01,13.69,400.92K,-0.016487455197132572,1.5424%,0.019249586380995772
1/21/2022,13.51,13.61,13.68,13.36,364.02K,-0.015306122448979664,-0.0740%,0.01982509951691628
1/24/2022,13.52,13.35,13.54,13.1,629.62K,0.0007401924500369805,2.0173%,0.020088919774935387
1/25/2022,13.25,13.4,13.48,13.11,404.71K,-0.019970414201183395,0.3023%,0.019215776964710454
1/26/2022,13.21,13.28,13.44,13.13,417.15K,-0.0030188679245282124,-1.5772%,0.020368734082843867
1/27/2022,13.42,13.25,13.5,13.2,255.70K,0.015897047691143085,-0.8902%,0.019483942305131476
1/28/2022,13.54,13.43,13.54,13.27,224.82K,0.008941877794336861,-1.3935%,0.01988460159249575
1/31/2022,13.73,13.62,13.81,13.57,166.59K,0.014032496307238018,-0.2183%,0.01941317594911361
2/1/2022,13.76,13.8,13.83,13.63,168.95K,0.002184996358339353,0.5831%,0.019579671284595417
2/2/2022,13.68,13.7,13.74,13.46,393.63K,-0.005813953488372103,1.2505%,0.018825861151123658
2/3/2022,13.51,13.52,13.61,13.47,154.25K,-0.012426900584795342,0.0000%,0.01837493734334831
2/4/2022,13.51,13.5,13.57,13.39,178.59K,0.0,-0.3694%,0.018616307407542138
2/7/2022,13.56,13.45,13.57,13.34,136.70K,0.0037009622501851247,-0.9541%,0.018037203433938866
2/8/2022,13.69,13.63,13.72,13.52,177.72K,0.009587020648967437,-0.4373%,0.017644565662794664
2/9/2022,13.75,13.75,13.84,13.67,245.46K,0.0043827611395179655,-2.3717%,0.017729475563886467
2/10/2022,14.08,13.7,14.11,13.69,255.00K,0.02400000000000002,1.6470%,0.017430638239502458
2/11/2022,13.85,14.07,14.19,13.81,251.56K,-0.016335227272727293,2.4855%,0.019865911177004435
2/14/2022,13.51,13.76,14.0,13.49,367.75K,-0.02454873646209388,-0.6640%,0.020265123500650524
2/15/2022,13.6,13.52,13.74,13.44,544.45K,0.006661732050333047,-0.0735%,0.02198609469722404
2/16/2022,13.61,13.59,13.82,13.49,337.14K,0.0007352941176470562,2.1538%,0.020934648473086695
2/17/2022,13.32,13.52,13.73,13.24,300.38K,-0.021307861866274758,-0.1500%,0.019897923087595294
2/18/2022,13.34,13.42,13.42,13.18,304.96K,0.0015015015015014122,0.6769%,0.021102917768691137
2/22/2022,13.25,13.25,13.45,13.15,362.30K,-0.006746626686656709,0.6816%,0.020041101426056626
2/23/2022,13.16,13.34,13.58,13.13,449.13K,-0.0067924528301887,0.4570%,0.019393138696388094
2/24/2022,13.1,12.99,13.17,12.82,345.79K,-0.00455927051671734,-1.3647%,0.01888267992087548
2/25/2022,13.28,13.07,13.38,13.01,319.33K,0.013740458015267132,-1.2720%,0.018355129018061807
2/28/2022,13.45,13.21,13.46,12.95,427.05K,0.012801204819277157,4.7973%,0.018740087059296168
3/1/2022,12.82,13.28,13.43,12.76,1.06M,-0.04684014869888464,-0.6221%,0.018914199354109124
3/2/2022,12.9,12.88,13.03,12.73,523.42K,0.006240249609984483,0.7001%,0.026986422395686115
3/3/2022,12.81,12.9,13.0,12.71,755.29K,-0.006976744186046546,3.7380%,0.025012561631700053
3/4/2022,12.34,12.66,12.88,12.16,949.68K,-0.03669008587041378,0.9772%,0.02342911187173197
3/7/2022,12.22,12.27,12.59,12.04,828.20K,-0.00972447325769843,-0.8150%,0.02689246745341297
3/8/2022,12.32,12.2,12.55,12.16,346.58K,0.008183306055646433,-1.0497%,0.025145152764623667
3/9/2022,12.45,12.45,12.63,12.36,357.60K,0.010551948051948035,-1.8305%,0.023595565134182945
3/10/2022,12.68,12.4,12.77,12.31,344.11K,0.01847389558232937,0.6329%,0.02250596614643144
3/11/2022,12.6,12.69,12.77,12.55,277.82K,-0.006309148264984188,0.4773%,0.02255526884630477
3/14/2022,12.54,12.64,12.8,12.51,292.94K,-0.004761904761904856,0.2395%,0.021387322920540294
3/15/2022,12.51,12.67,12.76,12.4,188.13K,-0.0023923444976076125,-0.6375%,0.020367255419552713
3/16/2022,12.59,12.45,12.76,12.43,458.45K,0.006394884092725928,-1.6542%,0.019466583468643384
3/17/2022,12.8,12.54,12.82,12.42,263.06K,0.016679904686258906,-2.6216%,0.018903041261697485
3/18/2022,13.14,12.88,13.18,12.8,610.69K,0.026562500000000044,-4.2464%,0.019564833637981876
3/21/2022,13.71,13.6,14.02,13.52,949.55K,0.04337899543378998,-0.7267%,0.02187386606869582
3/22/2022,13.81,13.74,14.01,13.71,479.63K,0.00729394602479938,-0.1447%,0.02760246557292643
3/23/2022,13.83,13.65,13.98,13.62,417.16K,0.0014482259232440065,0.0000%,0.02557350095919437
3/24/2022,13.83,13.87,14.01,13.68,246.09K,0.0,-2.8512%,0.02370864521691408
3/25/2022,14.23,13.79,14.32,13.67,2.45M,0.028922631959508394,-2.9088%,0.022160739317829692
3/28/2022,14.65,14.22,14.77,14.22,565.33K,0.029515108924806688,0.1366%,0.0241891033230708
3/29/2022,14.63,14.7,14.78,14.45,345.28K,-0.0013651877133105117,0.8236%,0.025760220001556672
3/30/2022,14.51,14.55,14.74,14.46,308.08K,-0.008202323991797766,0.2761%,0.02386490011506587
3/31/2022,14.47,14.5,14.59,14.39,181.88K,-0.002756719503790417,-1.5770%,0.022564512610863053
4/1/2022,14.7,14.57,14.79,14.51,256.86K,0.015894955079474693,0.7511%,0.021256624579269467
4/4/2022,14.59,14.7,14.79,14.52,895.42K,-0.007482993197278853,1.2414%,0.021235043902927596
4/5/2022,14.41,14.59,14.76,14.27,358.54K,-0.012337217272104128,-0.5536%,0.020393536039798054
4/6/2022,14.49,14.16,14.58,14.13,900.87K,0.005551700208188848,-1.3708%,0.020158155141681733
4/7/2022,14.69,14.48,14.77,14.43,400.26K,0.013802622498274575,-0.2040%,0.019406917078740232
4/8/2022,14.72,14.67,14.78,14.51,444.46K,0.002042205582028611,3.8786%,0.019545848617041613
4/11/2022,14.16,14.7,14.7,14.13,228.14K,-0.03804347826086962,1.4942%,0.018796079287695878
4/12/2022,13.95,14.16,14.26,13.95,249.47K,-0.014830508474576343,-0.6431%,0.024308475874511248
4/13/2022,14.04,14.02,14.06,13.9,457.47K,0.006451612903225712,1.0022%,0.023519228312585887
4/14/2022,13.9,14.11,14.11,13.87,183.53K,-0.009971509971509862,-0.6454%,0.022168180503910916
4/18/2022,13.99,13.84,14.01,13.8,244.46K,0.006474820143884896,0.3580%,0.021328584787856427
4/19/2022,13.94,14.04,14.04,13.88,229.03K,-0.0035739814152967453,-0.9282%,0.020394223765018295
4/20/2022,14.07,13.97,14.09,13.88,279.21K,0.009325681492108995,1.9376%,0.019521744016295382
4/21/2022,13.8,14.12,14.14,13.77,695.13K,-0.019189765458422103,2.7922%,0.019160247987506672
4/22/2022,13.42,13.73,13.8,13.4,252.22K,-0.02753623188405807,-2.5020%,0.02019275437047821
4/25/2022,13.76,13.35,13.78,13.31,396.07K,0.0253353204172877,3.0999%,0.02256304383894213
4/26/2022,13.34,13.72,13.72,13.34,211.20K,-0.03052325581395343,-0.1498%,0.023754020995685365
4/27/2022,13.36,13.41,13.44,13.2,279.81K,0.0014992503748125774,-0.5970%,0.025702077853081994
4/28/2022,13.44,13.42,13.5,13.16,191.09K,0.0059880239520957446,-0.7413%,0.02381585986303447
4/29/2022,13.54,13.44,13.85,13.43,411.61K,0.007440476190476275,-3.1264%,0.022387761262198668
5/2/2022,13.97,13.62,14.18,13.62,845.67K,0.031757754800590954,-1.4920%,0.02130500379241003
5/3/2022,14.18,14.04,14.27,13.9,431.32K,0.015032211882605617,-0.2113%,0.024231942298340758
5/4/2022,14.21,14.17,14.23,13.81,369.70K,0.0021156558533146352,0.5646%,0.02345786003212846
5/5/2022,14.13,14.13,14.18,13.92,370.99K,-0.005629838142153454,2.2183%,0.02197098476153819
5/6/2022,13.82,14.15,14.15,13.71,352.49K,-0.021939136588818187,4.7416%,0.02087901759534624
5/9/2022,13.18,13.6,13.7,13.08,572.14K,-0.04630969609261948,-1.5061%,0.021931910891572263
5/10/2022,13.38,13.2,13.44,13.06,507.40K,0.015174506828528056,1.9623%,0.028534212031548722
5/11/2022,13.12,13.4,13.59,13.04,271.77K,-0.019431988041853643,0.0000%,0.026937381371120138
5/12/2022,13.12,13.04,13.32,12.96,259.13K,0.0,-0.9860%,0.026175251762910686
5/13/2022,13.25,13.23,13.33,13.09,289.46K,0.009908536585365946,1.6743%,0.024201786680995173
5/16/2022,13.03,13.13,13.24,12.84,287.04K,-0.016603773584905723,-1.9005%,0.02294494976420882
5/17/2022,13.28,13.16,13.31,13.16,221.99K,0.019186492709132752,2.1310%,0.02266368403304716
5/18/2022,13.0,13.18,13.31,12.91,275.88K,-0.02108433734939752,-0.4605%,0.022781458080932362
5/19/2022,13.06,12.93,13.12,12.89,165.48K,0.004615384615384688,0.0000%,0.02320076509782987
5/20/2022,13.06,13.17,13.19,12.84,263.68K,0.0,0.7686%,0.021826983405770436
5/23/2022,12.96,13.13,13.13,12.8,602.30K,-0.007656967840734996,3.1351%,0.020620458575029383
5/24/2022,12.56,13.0,13.0,12.35,486.81K,-0.030864197530864224,-3.5201%,0.019914591467013232
5/25/2022,13.01,12.54,13.02,12.53,322.26K,0.035828025477707026,3.8391%,0.023138973340608406
5/26/2022,12.52,12.25,12.62,10.51,3.46M,-0.037663335895465,-0.7163%,0.02643760886841383
5/27/2022,12.61,12.6,12.64,12.09,1.16M,0.007188498402555865,-1.1825%,0.02918162175417622
5/31/2022,12.76,12.71,12.92,12.19,897.16K,0.011895321173671647,1.5798%,0.02688302191147387
6/1/2022,12.56,12.82,12.91,12.52,5.19M,-0.01567398119122254,-0.1591%,0.025288086521774486
6/2/2022,12.58,12.59,12.83,12.44,546.11K,0.0015923566878981443,2.8216%,0.02439578611792681
6/3/2022,12.23,12.37,12.53,12.12,470.12K,-0.027821939586645472,-0.8954%,0.02273574566988211
6/6/2022,12.34,12.26,12.41,12.16,513.28K,0.008994276369582943,-0.1619%,0.024410805993878508
6/7/2022,12.36,12.3,12.4,12.2,369.50K,0.0016207455429497752,-0.6452%,0.023048349663607994
6/8/2022,12.44,12.37,12.49,12.28,503.39K,0.006472491909385036,3.0194%,0.021627875607366925
6/9/2022,12.07,12.47,12.47,12.07,454.16K,-0.029742765273311877,4.2307%,0.02063507809778767
6/10/2022,11.57,12.0,12.08,11.52,457.81K,-0.04142502071251031,4.4177%,0.0233597316854756
6/13/2022,11.07,11.4,11.46,10.99,605.08K,-0.043215211754537575,2.2842%,0.0280547367787963
6/14/2022,10.82,11.17,11.25,10.69,833.69K,-0.02258355916892507,-1.3768%,0.03162107156825177
6/15/2022,10.97,10.94,11.1,10.83,840.03K,0.013863216266173817,2.1189%,0.030329597047437252
6/16/2022,10.74,10.8,10.93,10.6,790.89K,-0.02096627164995446,-6.4015%,0.028286642054610622
6/17/2022,11.45,10.72,11.47,10.67,890.24K,0.06610800744878942,-1.3877%,0.027451695209197463
6/21/2022,11.61,11.51,11.77,11.51,382.53K,0.013973799126637543,0.9520%,0.03765564944086125
6/22/2022,11.5,11.49,11.64,11.49,298.82K,-0.009474590869939625,0.5231%,0.0344052509900482
6/23/2022,11.44,11.51,11.65,11.36,642.26K,-0.00521739130434784,-1.1300%,0.03139387780505988
6/24/2022,11.57,11.55,11.73,11.49,416.04K,0.011363636363636465,1.6558%,0.02866775517079708
6/27/2022,11.38,11.6,11.69,11.31,291.71K,-0.016421780466724267,0.1759%,0.026712192223149703
6/28/2022,11.36,11.45,11.58,11.33,303.40K,-0.0017574692442883233,0.7954%,0.025620863920429744
6/29/2022,11.27,11.37,11.37,11.11,184.69K,-0.007922535211267623,1.3399%,0.02375416766046825
6/30/2022,11.12,11.21,11.24,11.04,162.87K,-0.013309671694764935,1.0850%,0.022456276474436345
7/1/2022,11.0,11.12,11.19,10.9,299.43K,-0.010791366906474753,-0.5440%,0.021882086066238902
7/5/2022,11.06,10.89,11.08,10.64,522.20K,0.005454545454545601,2.3789%,0.021172925489068857
7/6/2022,10.8,11.02,11.14,10.8,165.73K,-0.023508137432188048,-0.4619%,0.020216236729566708
7/7/2022,10.85,10.85,10.94,10.77,261.03K,0.004629629629629539,1.1122%,0.021745791481367426
7/8/2022,10.73,10.84,10.87,10.69,367.42K,-0.011059907834101268,2.0716%,0.020643323129143902
7/11/2022,10.51,10.7,10.74,10.41,326.44K,-0.020503261882572232,-1.6046%,0.020219780219235872
7/12/2022,10.68,10.48,10.76,10.48,287.53K,0.016175071360609028,0.4693%,0.021194664971959442
7/13/2022,10.63,10.64,10.66,10.44,166.50K,-0.004681647940074751,-1.4012%,0.021225018154540733
7/14/2022,10.78,10.61,10.79,10.48,338.78K,0.014111006585136199,-2.2019%,0.020232833402769414
7/15/2022,11.02,10.84,11.03,10.8,218.12K,0.02226345083487935,0.0000%,0.020217504189522825
7/18/2022,11.02,11.14,11.31,11.01,190.46K,0.0,-1.2624%,0.021471671137146767
7/19/2022,11.16,11.13,11.23,11.08,233.63K,0.012704174228675091,0.0896%,0.02033154404766156
7/20/2022,11.15,11.13,11.25,11.11,172.96K,-0.0008960573476702871,-1.2478%,0.020127802350548292
7/21/2022,11.29,11.21,11.29,11.02,336.57K,0.01255605381165914,1.3375%,0.01924979990207326
7/22/2022,11.14,11.3,11.33,11.11,167.11K,-0.013286093888396633,-1.0714%,0.0192752600813029
7/25/2022,11.26,11.17,11.28,11.17,215.31K,0.010771992818671361,2.1545%,0.01940672474691577
7/26/2022,11.02,11.22,11.24,10.93,289.62K,-0.02131438721136769,-2.2433%,0.0192046749366314
7/27/2022,11.27,11.08,11.31,11.07,251.89K,0.02268602540834852,1.0705%,0.020604262534017953
7/28/2022,11.15,11.22,11.37,11.12,309.65K,-0.010647737355811815,0.0897%,0.021830207894804544
7/29/2022,11.14,11.1,11.16,10.9,279.43K,-0.0008968609865470656,-0.3584%,0.021118533252299877
8/1/2022,11.18,11.12,11.21,10.97,288.46K,0.0035906642728904536,0.0000%,0.020049487385849787
8/2/2022,11.18,11.16,11.36,11.11,261.07K,0.0,-2.1240%,0.019238828664623328
8/3/2022,11.42,11.22,11.46,11.22,347.64K,0.02146690518783534,-1.9940%,0.018532783817794617
8/4/2022,11.65,11.43,11.71,11.43,503.15K,0.020140105078809034,1.2090%,0.020115222710577384
8/5/2022,11.51,11.61,11.61,11.35,877.75K,-0.012017167381974336,-0.3469%,0.0210196845606127
8/8/2022,11.55,11.52,11.58,11.19,978.06K,0.0034752389226759828,1.3950%,0.02061278629798496
8/9/2022,11.39,11.56,11.59,11.3,304.27K,-0.013852813852813894,-11.2795%,0.019687716243549862
8/10/2022,12.75,11.68,12.88,11.6,1.89M,0.11940298507462677,3.7559%,0.019792757292147124
8/11/2022,12.28,12.8,12.92,12.25,418.84K,-0.03686274509803922,-4.3035%,0.05391527531770019
8/12/2022,12.82,12.3,12.88,12.3,1.02M,0.043973941368078195,0.3908%,0.050387248696038014
8/15/2022,12.77,12.76,12.92,12.56,308.48K,-0.003900156006240274,-0.0783%,0.04853607559972667
8/16/2022,12.78,12.67,12.92,12.61,275.22K,0.000783085356303781,-6.7322%,0.04328265851180504
8/17/2022,13.67,13.65,13.75,12.85,7.17M,0.06964006259780908,-1.6685%,0.03872516124416812
8/18/2022,13.9,13.64,14.09,13.5,2.28M,0.016825164594001407,1.5954%,0.045578123761177244
8/19/2022,13.68,13.64,14.14,13.58,936.17K,-0.015827338129496438,3.1183%,0.041309340153658815
8/22/2022,13.26,13.5,13.51,13.2,765.54K,-0.030701754385964897,-1.1249%,0.03763762952401235
8/23/2022,13.41,13.29,13.68,13.18,565.10K,0.011312217194570096,-0.0745%,0.03630505893697923
8/24/2022,13.42,13.48,13.48,13.15,408.00K,0.0007457121551082135,-1.1115%,0.03309010338903153
8/25/2022,13.57,13.48,13.75,13.39,351.69K,0.011177347242921076,3.2200%,0.030016121616208
8/26/2022,13.14,13.57,13.73,13.13,313.90K,-0.0316875460574797,0.5341%,0.02781457085711201
8/29/2022,13.07,13.1,13.24,12.98,518.04K,-0.0053272450532724225,-1.3678%,0.02889012680590086
8/30/2022,13.25,13.11,13.31,13.11,332.95K,0.01377199693955622,-1.4238%,0.026570146074465867
8/31/2022,13.44,13.25,13.57,13.14,1.06M,0.014339622641509342,0.2981%,0.025202688622840884
9/1/2022,13.4,13.35,13.44,13.27,604.27K,-0.0029761904761904656,-0.5210%,0.024157041650255423
9/2/2022,13.47,13.5,13.72,13.3,458.77K,0.0052238805970148405,-7.0229%,0.022567665952841848
9/6/2022,14.45,13.71,14.8,13.7,1.87M,0.07275426874535995,-0.7584%,0.021334990781148023
9/7/2022,14.56,14.45,14.56,14.17,702.34K,0.007612456747404961,1.1745%,0.036787931895379405
9/8/2022,14.39,14.51,14.79,14.31,556.23K,-0.011675824175824134,-0.2776%,0.03331225698264893
9/9/2022,14.43,14.5,14.65,14.33,741.47K,0.002779708130646208,-4.9351%,0.03061153509767675
9/12/2022,15.16,14.47,15.23,14.37,1.58M,0.05058905058905072,4.3822%,0.02794189670532434
9/13/2022,14.51,14.85,14.97,14.48,759.04K,-0.04287598944591031,-1.1648%,0.03339669155258176
9/14/2022,14.68,14.54,14.77,14.38,417.60K,0.011716057891109521,1.3718%,0.035314494850409286
9/15/2022,14.48,14.7,14.91,14.38,356.86K,-0.013623978201634857,2.3054%,0.032280708759808284
9/16/2022,14.15,14.34,14.42,13.87,677.90K,-0.022790055248618768,0.2122%,0.029898518122839262
9/19/2022,14.12,14.06,14.16,13.98,390.83K,-0.0021201413427562876,1.4984%,0.028983975613106696
9/20/2022,13.91,14.1,14.1,13.65,515.78K,-0.01487252124645888,3.1401%,0.026566092716814302
9/21/2022,13.48,13.94,14.08,13.48,689.41K,-0.030913012221423397,-1.1066%,0.025331985652644096
9/22/2022,13.63,13.36,13.85,13.03,784.87K,0.011127596439169274,4.1954%,0.02691587353494269
9/23/2022,13.07,13.41,13.44,12.91,1.23M,-0.04108584005869409,1.1543%,0.025252961848597325
9/26/2022,12.92,12.87,13.33,12.79,837.43K,-0.011476664116296886,0.9331%,0.029203223379634484
9/27/2022,12.8,12.99,12.99,12.72,645.47K,-0.009287925696594312,0.7843%,0.02717864962927373
9/28/2022,12.7,12.77,12.78,12.59,681.94K,-0.007812500000000111,-1.2520%,0.025351093976454235
9/29/2022,12.86,12.57,12.87,12.44,628.59K,0.012598425196850505,-3.1384%,0.023754540079907006
9/30/2022,13.27,12.9,13.35,12.76,719.57K,0.03188180404354579,-0.9749%,0.022819062271211825
10/3/2022,13.4,13.31,13.43,12.93,583.88K,0.009796533534287999,-2.2871%,0.025297691397352474
10/4/2022,13.71,13.59,13.84,13.58,575.22K,0.023134328358209055,0.0730%,0.02382853074820133
10/5/2022,13.7,13.54,13.74,13.39,453.52K,-0.0007293946024800047,0.8062%,0.02429804650107966
10/6/2022,13.59,13.77,14.01,13.59,411.37K,-0.008029197080291928,-0.3672%,0.0226490887325117
10/7/2022,13.64,13.53,13.65,13.4,372.28K,0.003679175864606421,2.1490%,0.021567474414327513
10/10/2022,13.35,13.62,13.63,13.32,577.39K,-0.021260997067448772,0.6011%,0.020465311338660416
10/11/2022,13.27,13.4,13.46,13.06,358.45K,-0.005992509363295873,2.6729%,0.02150783887933675
10/12/2022,12.92,13.17,13.17,12.73,546.91K,-0.026375282592313476,0.0000%,0.020523509781043652
10/13/2022,12.92,12.69,13.17,12.64,419.30K,0.0,-0.2319%,0.022543411212963608
10/14/2022,12.95,12.98,13.07,12.9,223.28K,0.0023219814241486336,-0.7692%,0.021204959700533044
10/17/2022,13.05,13.03,13.24,12.97,281.80K,0.007722007722007929,1.2336%,0.020136954664857563
10/18/2022,12.89,13.17,13.31,12.85,304.30K,-0.01226053639846747,1.7215%,0.0195204040160966
10/19/2022,12.67,12.89,12.99,12.62,234.31K,-0.01706749418153608,0.4747%,0.01947329043682509
10/20/2022,12.61,12.62,12.85,12.59,226.69K,-0.0047355958958169575,0.0793%,0.020079858674154707
10/21/2022,12.6,12.53,12.66,12.4,258.15K,-0.0007930214115781098,2.0041%,0.019315367511663302
10/24/2022,12.35,12.63,12.63,12.16,247.78K,-0.019841269841269882,-2.2419%,0.01859772382313125
10/25/2022,12.63,12.39,12.76,12.39,402.35K,0.02267206477732797,-4.3384%,0.019899423060671387
10/26/2022,13.19,12.65,13.29,12.57,380.87K,0.04433887569279493,-0.9808%,0.02131876201850375
10/27/2022,13.32,13.24,13.47,13.21,395.56K,0.009855951478392688,1.9713%,0.027540660141304015
10/28/2022,13.06,13.3,13.34,13.05,313.94K,-0.019519519519519468,0.0000%,0.02567392722187908
10/31/2022,13.06,13.06,13.1,12.96,238.58K,0.0,-0.3821%,0.025191987514342325
11/1/2022,13.11,13.26,13.48,13.07,192.22K,0.003828483920367498,1.8476%,0.023385533007435986
11/2/2022,12.87,13.1,13.1,12.77,269.77K,-0.01830663615560646,2.4382%,0.021951699530204625
11/3/2022,12.56,12.73,12.84,12.55,181.26K,-0.02408702408702401,-2.9033%,0.022137027972815
11/4/2022,12.93,12.74,12.96,12.65,252.66K,0.02945859872611467,-3.4211%,0.02324640668899794
11/7/2022,13.38,13.08,13.62,12.98,658.96K,0.03480278422273786,1.7339%,0.025071984791977107
11/8/2022,13.15,13.45,13.46,13.14,239.10K,-0.017189835575485812,1.1472%,0.027526309565891555
11/9/2022,13.0,13.08,13.15,12.79,226.61K,-0.011406844106463865,-1.0712%,0.026363526004885018
11/10/2022,13.14,13.43,13.43,12.98,288.29K,0.010769230769230864,-1.1351%,0.024840259798902472
11/11/2022,13.29,13.27,13.51,13.15,390.68K,0.011415525114155223,0.6795%,0.02353092390356957
11/14/2022,13.2,13.94,13.94,13.17,449.81K,-0.006772009029345383,1.7578%,0.02252861340381688
11/15/2022,12.97,13.36,13.4,12.93,477.10K,-0.017424242424242342,1.3194%,0.021391445288375235
11/16/2022,12.8,12.88,12.9,12.65,388.82K,-0.013107170393215073,-0.3120%,0.021580046331846695
11/17/2022,12.84,12.65,13.07,12.56,253.74K,0.0031249999999998224,-2.2334%,0.02117040569912529
11/18/2022,13.13,12.78,13.16,12.55,403.26K,0.02258566978193155,0.7645%,0.0201276891765951
11/21/2022,13.03,13.18,13.4,12.98,251.90K,-0.007616146230007725,-13.6788%,0.02146671627396974
11/22/2022,14.94,13.03,15.49,12.83,5.74M,0.14658480429777443,-22.9815%,0.020588082947055223
11/23/2022,18.8,16.44,18.91,16.29,16.71M,0.25836680053547534,-12.0616%,0.06499463228012921
11/25/2022,21.21,20.0,22.95,20.0,35.23M,0.12819148936170222,-0.1884%,0.12346229148828787
11/28/2022,21.25,21.14,22.02,20.4,10.00M,0.001885902876001877,-4.2834%,0.12131508259680926
11/29/2022,22.18,21.09,22.75,21.05,6.77M,0.04376470588235293,0.3613%,0.10666720946018131
11/30/2022,22.1,22.16,22.45,21.24,2.75M,-0.0036068530207393756,-2.0601%,0.09565670048995806
12/1/2022,22.56,21.8,23.35,21.64,2.82M,0.020814479638008976,-0.7507%,0.08425154361434993
12/2/2022,22.73,22.3,22.92,21.71,2.31M,0.007535460992907916,1.6412%,0.07479704525935275
12/5/2022,22.36,22.4,23.16,22.09,1.49M,-0.01627804663440391,0.6731%,0.06611558822297224
12/6/2022,22.21,22.21,22.48,21.75,1.04M,-0.0067084078711985295,0.3608%,0.05889477075514696
12/7/2022,22.13,22.3,22.48,21.91,751.87K,-0.0036019810895994153,1.2733%,0.05229403394555557
12/8/2022,21.85,22.33,22.59,21.64,1.21M,-0.012652507907817356,7.1120%,0.04652295843154095
12/9/2022,20.35,22.09,22.72,20.21,2.50M,-0.06864988558352403,-1.0267%,0.04186245371274414
12/12/2022,20.56,20.37,21.47,20.28,2.71M,0.010319410319410194,-0.5820%,0.04745959021728673
12/13/2022,20.68,20.68,21.15,20.29,1.24M,0.005836575875486361,-4.3063%,0.04254084564712513
12/14/2022,21.59,20.74,21.61,20.74,1.10M,0.04400386847195348,-0.1389%,0.03816379433520717
12/15/2022,21.62,21.05,21.77,20.72,1.26M,0.0013895321908290459,-1.0582%,0.03903576550010767
12/16/2022,21.85,21.52,21.91,21.4,1.43M,0.010638297872340496,2.6903%,0.035085469541312204
12/19/2022,21.27,21.49,21.85,20.98,1.03M,-0.026544622425629383,-2.9189%,0.032021445830578504
12/20/2022,21.9,21.26,22.34,21.14,727.12K,0.02961918194640334,-3.8518%,0.03121616666204676
12/21/2022,22.76,21.91,22.89,21.91,667.23K,0.03926940639269416,1.4160%,0.031050106928925958
12/22/2022,22.44,22.65,22.8,22.06,681.03K,-0.01405975395430581,-0.1781%,0.03278351517898372
12/23/2022,22.48,22.38,22.63,22.32,409.16K,0.0017825311942958333,-2.8072%,0.030352195601146527
12/27/2022,23.12,22.44,23.26,22.21,1.09M,0.028469750889679846,2.9407%,0.027709444511016507
12/28/2022,22.45,22.99,23.15,22.41,794.78K,-0.028979238754325287,-2.8109%,0.02816538086906014
12/29/2022,23.09,22.65,23.6,22.34,861.29K,0.028507795100222832,-1.0340%,0.02863985958297487
12/30/2022,23.33,22.95,23.55,22.83,728.28K,0.01039411000433077,2.4735%,0.02887898186586972
1/3/2023,22.76,23.43,23.55,22.74,790.90K,-0.024432061723103193,-2.3449%,0.026816982752059158
1/4/2023,23.3,22.99,23.58,22.9,853.61K,0.023725834797891032,1.8627%,0.026825310887324448
1/5/2023,22.87,23.13,23.3,22.77,715.28K,-0.018454935622317592,-1.9485%,0.026684735848178005
1/6/2023,23.32,22.78,23.46,22.73,492.42K,0.01967643200699598,0.9046%,0.02584695316068213
1/9/2023,23.11,23.47,25.24,22.75,3.35M,-0.009005145797598701,1.2190%,0.025320818880410146
1/10/2023,22.83,22.96,23.15,22.2,1.12M,-0.012115967113803583,-0.2625%,0.023806124314518392
1/11/2023,22.89,22.93,23.14,22.61,513.49K,0.0026281208935612366,0.5256%,0.02283366355457523
1/12/2023,22.77,22.96,23.11,22.63,427.98K,-0.005242463958060384,-0.8745%,0.021469007033448926
1/13/2023,22.97,22.8,23.69,22.8,553.52K,0.008783487044356608,0.6552%,0.020454715368076005
1/17/2023,22.82,23.01,23.33,22.72,1.35M,-0.006530256856769667,-0.5245%,0.01985098739555318
1/18/2023,22.94,22.85,23.03,22.71,859.24K,0.005258545135845782,-0.2612%,0.019228603742917627
1/19/2023,23.0,22.87,23.11,22.79,594.57K,0.0026155187445509043,-1.5103%,0.018652489608732403
1/20/2023,23.35,23.1,23.61,23.02,839.03K,0.01521739130434785,1.9023%,0.018097105218495505
1/23/2023,22.91,23.41,23.72,22.9,586.31K,-0.01884368308351181,1.1414%,0.018749825548283756
1/24/2023,22.65,23.13,23.13,22.57,878.88K,-0.011348756001746008,-3.1293%,0.019834648461480316
1/25/2023,23.37,22.49,23.42,22.33,1.02M,0.03178807947019879,3.2177%,0.019617196671187085
1/26/2023,22.63,23.47,23.7,22.58,779.37K,-0.03166452717158763,-0.6606%,0.02311736853361065
1/27/2023,22.78,22.45,23.14,22.45,584.08K,0.0066283694211224375,0.9705%,0.025502738459161973
1/30/2023,22.56,22.81,23.12,22.55,557.87K,-0.009657594381036083,0.0443%,0.023803683225862186
1/31/2023,22.55,22.58,22.89,22.43,699.89K,-0.0004432624113474004,0.2664%,0.022618967021744495
2/1/2023,22.49,22.44,22.76,22.2,537.66K,-0.002660753880266209,0.4903%,0.021267959550967008
2/2/2023,22.38,22.65,22.76,22.14,518.90K,-0.004891062694530879,2.3509%,0.020200024669329342
2/3/2023,21.86,22.22,22.36,21.86,499.91K,-0.0232350312779267,1.8934%,0.019418533243081168
2/6/2023,21.45,21.75,21.81,20.89,751.79K,-0.018755718206770355,1.5504%,0.021125099340501618
2/7/2023,21.12,21.45,21.45,20.85,970.46K,-0.01538461538461533,-9.9948%,0.021579128496896426
2/8/2023,23.34,23.89,24.5,22.45,5.82M,0.10511363636363624,-8.4187%,0.021444136951503802
2/9/2023,25.39,23.44,25.51,23.36,4.23M,0.08783204798628974,7.5654%,0.048843399257330826
2/10/2023,23.54,24.44,25.1,23.49,2.46M,-0.07286333202048056,-0.2546%,0.0571902831459344
2/13/2023,23.6,24.73,24.79,23.56,1.90M,0.002548853016142827,-1.0957%,0.059387696659791496
2/14/2023,23.86,24.02,24.02,23.42,1.24M,0.011016949152542255,-2.4836%,0.052652380185282004
2/15/2023,24.46,23.81,24.7,23.75,1.61M,0.025146689019279078,-9.2854%,0.04703365312024709
2/16/2023,26.84,24.27,27.34,23.89,8.68M,0.09730171708912505,1.9184%,0.04327032894670089
2/17/2023,26.33,27.0,27.31,26.0,4.72M,-0.01900149031296583,13.5650%,0.05647378863496535
2/21/2023,22.99,24.95,25.9,22.88,4.90M,-0.12685150018989744,1.8881%,0.0507629105220583
2/22/2023,22.56,23.51,23.65,22.09,1.59M,-0.018703784254023526,-1.3210%,0.07017595623905837
2/23/2023,22.86,22.48,23.03,22.44,1.04M,0.013297872340425565,-0.1311%,0.06252568117009787
2/24/2023,22.89,22.7,22.91,22.12,1.38M,0.001312335958005395,9.6709%,0.0556468263477964
2/27/2023,20.78,21.02,21.86,19.8,5.17M,-0.09217999126256005,0.1445%,0.049401576200190825
2/28/2023,20.75,20.66,20.97,20.27,2.55M,-0.0014436958614052475,1.4563%,0.05881844492976777
3/1/2023,20.45,20.45,20.92,20.42,2.18M,-0.014457831325301207,-3.2711%,0.05215248662175729
3/2/2023,21.13,20.38,21.39,20.38,1.48M,0.03325183374083118,-0.9889%,0.04678139876977507
3/3/2023,21.34,21.35,21.57,20.84,1.19M,0.009938476100331384,-2.7272%,0.04402862480889458
3/6/2023,21.93,21.64,22.05,21.24,1.43M,0.02764761012183703,2.0733%,0.03958477543864602
3/7/2023,21.48,22.01,22.12,21.16,812.44K,-0.020519835841313228,-1.3870%,0.03741190203501926
3/8/2023,21.78,21.49,21.92,21.25,765.96K,0.013966480446927498,4.1722%,0.034804146288096006
3/9/2023,20.89,21.66,21.8,20.67,1.05M,-0.04086317722681365,3.9048%,0.03201222297872357
3/10/2023,20.09,20.92,20.92,19.63,2.05M,-0.038295835327908145,-2.0203%,0.03387085754661726
3/13/2023,20.5,19.87,20.67,19.66,1.35M,0.020408163265306145,-0.3895%,0.034712353668224935
3/14/2023,20.58,20.76,20.89,20.44,839.65K,0.0039024390243902474,-2.4479%,0.03254627398738799
3/15/2023,21.09,20.16,21.65,19.85,2.47M,0.02478134110787189,-2.9895%,0.02959771798541623
3/16/2023,21.73,20.95,22.48,20.65,1.47M,0.030346135609293556,-1.8692%,0.029008618924803914
3/17/2023,22.14,21.81,22.47,21.65,2.30M,0.018867924528301883,-6.2164%,0.02948960707619627
3/20/2023,23.56,22.5,23.57,22.5,1.79M,0.06413730803974693,-1.9336%,0.028117932694932804
3/21/2023,24.02,23.63,24.33,23.16,2.60M,0.019524617996604432,-6.4486%,0.03742410584859064
3/22/2023,25.62,24.5,26.06,24.22,4.53M,0.06661115736885925,7.5370%,0.03469033894579784
3/23/2023,23.76,24.85,25.18,23.29,3.23M,-0.07259953161592503,-0.6711%,0.04214047995093607
3/24/2023,23.92,23.86,25.45,23.13,8.77M,0.006734006734006703,7.1026%,0.04868622749250804
3/27/2023,22.28,23.49,23.49,21.75,3.61M,-0.06856187290969906,-0.8492%,0.04346970002369146
3/28/2023,22.47,22.22,22.82,21.97,1.49M,0.008527827648114883,0.3120%,0.04853580979516824
3/29/2023,22.4,22.5,22.86,22.31,1.07M,-0.0031152647975077885,-1.9452%,0.04339586081020645
3/30/2023,22.84,22.5,23.16,22.0,1.68M,0.019642857142857295,3.0676%,0.03884527302436121
3/31/2023,22.15,22.87,22.87,21.94,1.53M,-0.030210157618213662,2.9785%,0.03588319221709027
4/3/2023,21.5,22.0,22.03,21.24,1.39M,-0.02934537246049651,-1.6148%,0.034835064392908316
4/4/2023,21.85,21.52,21.95,21.12,935.52K,0.016279069767441978,1.8010%,0.03387077996157525
4/5/2023,21.46,21.51,22.41,21.21,1.76M,-0.01784897025171628,-1.0661%,0.03143115097667835
4/6/2023,21.69,21.55,21.79,21.31,886.32K,0.01071761416589001,1.7206%,0.02960143704311194
4/10/2023,21.32,21.51,21.87,21.25,858.02K,-0.017058552328261922,-6.2279%,0.02743816851198977
4/11/2023,22.69,21.5,22.72,21.36,1.28M,0.06425891181988752,-3.0384%,0.026277372059289216
4/12/2023,23.39,22.53,23.48,22.44,1.31M,0.03085059497576026,1.1178%,0.03641917780717511
4/13/2023,23.13,23.5,23.78,23.11,1.26M,-0.011115861479264688,4.9179%,0.03532741050200376
4/14/2023,22.02,23.01,23.3,21.48,3.10M,-0.04798962386511019,11.2348%,0.03226666304231719
4/17/2023,19.68,21.0,21.22,18.91,5.69M,-0.10626702997275206,-4.4231%,0.03568449080289857
4/18/2023,20.57,19.8,20.88,19.76,1.73M,0.045223577235772305,0.5851%,0.05534231030317243
4/19/2023,20.45,20.59,20.86,20.23,880.17K,-0.005833738454059323,-1.6008%,0.05271202494227019
4/20/2023,20.78,20.3,21.05,20.01,1.53M,0.01613691931540351,-1.1008%,0.046925383033130694
4/21/2023,21.01,20.6,21.31,20.55,1.12M,0.011068334937439861,-2.4449%,0.04240604348523311
4/24/2023,21.53,21.0,21.6,20.92,809.66K,0.024750118990956693,2.4925%,0.03825312161748127
4/25/2023,21.0,21.52,21.58,20.97,683.62K,-0.024616813748258304,2.0689%,0.035956569243615434
4/26/2023,20.57,21.2,21.36,20.36,1.27M,-0.020476190476190426,-0.1457%,0.03409477648239192
4/27/2023,20.6,20.62,21.02,20.41,1.03M,0.001458434613514914,2.7062%,0.03207161511011102
4/28/2023,20.05,20.5,21.25,19.9,2.25M,-0.02669902912621358,4.6449%,0.02915789049930844
5/1/2023,19.14,19.2,19.53,18.85,2.02M,-0.04538653366583545,-0.1566%,0.02900334514209995
5/2/2023,19.17,19.4,19.65,19.08,858.03K,0.0015673981191222097,-4.8865%,0.03280279854688293
5/3/2023,20.13,19.05,20.48,18.85,1.05M,0.05007824726134569,4.0036%,0.029777809841687538
5/4/2023,19.34,20.05,20.2,19.21,775.17K,-0.039244908097367026,1.4059%,0.03446233436112213
5/5/2023,19.07,19.39,19.53,18.98,1.21M,-0.013960703205791125,1.8524%,0.035344513624121936
5/8/2023,18.72,19.09,19.44,18.68,901.89K,-0.018353434714210914,-7.0630%,0.03247980481974797
5/9/2023,20.09,19.1,20.51,18.83,2.06M,0.07318376068376065,-1.0399%,0.030513512066148368
5/10/2023,20.3,20.07,20.7,19.86,1.11M,0.010452961672474004,9.9902%,0.04159977945685421
5/11/2023,18.37,18.88,19.16,18.05,2.24M,-0.09507389162561575,1.3151%,0.03753485256063531
5/12/2023,18.13,18.4,19.43,17.26,2.62M,-0.013064779531845483,-3.8945%,0.05256693812386914
5/15/2023,18.85,18.21,18.94,18.17,1.81M,0.039713182570325634,-0.6346%,0.047063416217980054
5/16/2023,18.97,18.85,19.74,18.55,2.05M,0.006366047745357983,-0.9966%,0.04519952552629994
5/17/2023,19.16,19.82,20.25,18.72,2.67M,0.010015814443858684,1.6843%,0.040460017260412665
5/18/2023,18.84,19.05,19.24,18.55,1.49M,-0.01670146137787054,0.6390%,0.03654245577872302
5/19/2023,18.72,18.8,19.48,18.68,1.59M,-0.006369426751592355,-4.4916%,0.033709130247593505
5/22/2023,19.58,18.63,19.66,18.47,1.73M,0.045940170940171,2.0641%,0.03066254397708589
5/23/2023,19.18,19.52,19.64,19.02,962.44K,-0.020429009193054015,-1.7572%,0.034026913518861106
5/24/2023,19.52,19.21,19.54,19.05,877.85K,0.01772679874869665,1.3929%,0.03201071831466153
5/25/2023,19.25,19.5,19.52,19.1,531.16K,-0.013831967213114749,1.4652%,0.030040471019680662
5/26/2023,18.97,19.11,19.66,18.97,917.88K,-0.014545454545454639,1.5405%,0.02806384251170449
5/30/2023,18.68,18.98,19.21,18.04,1.49M,-0.015287295730100126,-3.3687%,0.026512292699010332
5/31/2023,19.32,18.62,19.93,18.19,2.60M,0.03426124197002145,3.9055%,0.02533312369687363
6/1/2023,18.58,19.19,19.21,18.46,1.43M,-0.038302277432712306,-1.2834%,0.0275889119399601
6/2/2023,18.82,18.73,18.88,18.28,1.31M,0.012917115177610405,4.1774%,0.03013490051260118
6/5/2023,18.05,18.6,18.74,18.03,1.35M,-0.04091392136025507,-1.9748%,0.028046064360865187
6/6/2023,18.41,18.03,18.68,17.6,1.11M,0.019944598337950037,-2.8382%,0.03106105154395383
6/7/2023,18.94,19.25,19.39,18.61,2.03M,0.028788701792504146,2.4587%,0.029516665846564667
6/8/2023,18.48,19.04,19.23,18.39,1.36M,-0.02428722280887019,-4.6520%,0.02959866803977419
6/9/2023,19.36,18.5,19.67,18.5,1.64M,0.04761904761904767,-3.9002%,0.028965811109062267
6/12/2023,20.13,19.16,20.23,18.8,2.06M,0.03977272727272729,-12.8926%,0.03328764826002472
6/13/2023,22.9,22.33,23.17,21.59,9.67M,0.13760556383507194,-1.3877%,0.034533632056134224
6/14/2023,23.22,22.5,23.79,22.35,2.83M,0.013973799126637543,-6.6233%,0.06602414248150089
6/15/2023,24.81,23.75,26.64,22.96,12.28M,0.0684754521963824,4.7884%,0.058700164619448554
6/16/2023,23.65,24.91,24.95,23.45,3.35M,-0.046755340588472416,4.9848%,0.05954217036616891
6/20/2023,22.5,23.61,23.63,22.28,2.38M,-0.04862579281183932,-1.1050%,0.05637586623699892
6/21/2023,22.75,22.53,23.3,22.52,1.59M,0.011111111111111072,-1.4401%,0.054110649071976574
6/22/2023,23.08,22.67,23.73,22.5,1.69M,0.01450549450549432,2.1017%,0.048293562165867616
6/23/2023,22.6,22.99,23.6,22.56,1.46M,-0.020797227036394972,1.1124%,0.04346927463713918
6/26/2023,22.35,22.41,22.79,21.8,1.70M,-0.011061946902654829,-7.1228%,0.039876973494109416
6/27/2023,24.0,22.26,24.21,21.43,2.43M,0.0738255033557047,-4.5611%,0.036111674575239554
6/28/2023,25.12,23.6,26.0,23.37,4.22M,0.046666666666666634,2.2138%,0.04510257604591393
6/29/2023,24.57,24.99,24.99,23.87,2.06M,-0.021894904458598763,0.7763%,0.044846772191304576
6/30/2023,24.38,24.87,24.94,24.21,1.28M,-0.0077330077330077795,-0.1230%,0.0411358626728157
7/3/2023,24.41,24.49,24.68,24.2,664.95K,0.0012305168170632097,-0.2046%,0.037029280048951285
7/5/2023,24.46,24.43,25.09,24.31,2.05M,0.002048340843916474,0.6151%,0.03336982203687373
7/6/2023,24.31,24.12,24.55,23.54,1.34M,-0.00613246116107935,0.2059%,0.03026330396448602
7/7/2023,24.26,24.21,24.55,23.95,1.01M,-0.002056766762648987,4.5539%,0.02775108790056594
7/10/2023,23.18,24.09,24.21,22.98,1.21M,-0.04451772464962911,1.8725%,0.025532595441472558
7/11/2023,22.75,23.24,23.5,22.53,1.08M,-0.0185504745470233,-0.7445%,0.030272865938274572
7/12/2023,22.92,22.75,22.93,22.38,973.66K,0.007472527472527579,-0.1308%,0.0287380379982647
7/13/2023,22.95,23.1,23.28,22.5,757.10K,0.0013089005235600304,0.1308%,0.026526829136724064
7/14/2023,22.92,22.95,23.22,22.79,914.06K,-0.0013071895424835445,-3.1353%,0.02449968291145281
7/17/2023,23.65,22.8,24.23,22.4,1.94M,0.03184991273996496,0.0423%,0.022820609618860534
7/18/2023,23.64,23.74,24.58,23.48,1.07M,-0.00042283298097245403,6.8721%,0.02529159908343778
7/19/2023,22.07,23.55,23.84,21.78,3.00M,-0.0664128595600677,0.5452%,0.023469089913457215
7/20/2023,21.95,21.91,22.24,21.64,898.35K,-0.005437245129134571,1.5148%,0.03569470073089813
7/21/2023,21.62,22.01,22.05,21.34,1.30M,-0.015034168564920236,-2.9173%,0.03231360224910536
7/24/2023,22.26,21.7,22.26,21.37,927.63K,0.029602220166512483,-0.2244%,0.030047282448227144
7/25/2023,22.31,22.02,22.51,21.83,777.27K,0.002246181491464272,0.1795%,0.03014726796982161
7/26/2023,22.27,22.23,22.53,22.1,856.11K,-0.0017929179740026058,1.1744%,0.027542614572289455
7/27/2023,22.01,22.37,22.45,21.9,486.34K,-0.011674898967220404,-2.2907%,0.02535462031747675
7/28/2023,22.52,22.17,22.7,22.05,901.53K,0.023171285779191253,1.6115%,0.024042192225181523
7/31/2023,22.16,22.42,22.64,22.08,823.26K,-0.01598579040852577,8.9640%,0.02446560782219741
8/1/2023,20.26,22.01,22.35,19.75,3.36M,-0.08574007220216595,-0.9823%,0.023779432792012126
8/2/2023,20.46,20.15,20.92,19.73,2.45M,0.009871668311944637,1.6757%,0.04257128101707179
8/3/2023,20.12,20.25,20.81,19.89,659.69K,-0.016617790811339184,-1.7734%,0.038336148742941785
8/4/2023,20.48,20.28,20.54,20.03,632.16K,0.017892644135188762,-13.4995%,0.03520078537500352
8/7/2023,23.44,21.65,23.46,21.54,3.49M,0.14453125,0.0427%,0.03268599485463057
8/8/2023,23.43,23.22,23.85,22.7,1.28M,-0.0004266211604095904,2.0699%,0.06791955349716573
8/9/2023,22.95,23.5,23.63,22.62,603.44K,-0.020486555697823317,0.4805%,0.06005481118707877
8/10/2023,22.84,22.95,23.49,22.71,681.61K,-0.004793028322440107,-0.2624%,0.05392906000279522
8/11/2023,22.9,22.8,23.01,22.61,422.93K,0.0026269702276706663,-5.4389%,0.04795609693807749
8/14/2023,24.18,23.9,24.6,23.4,2.27M,0.05589519650655017,2.3009%,0.0427623790406547
8/15/2023,23.63,23.87,24.5,22.82,1.69M,-0.022746071133167955,2.1387%,0.04496803211357372
8/16/2023,23.13,23.63,23.63,23.01,543.41K,-0.021159542953872235,0.3031%,0.041320281317665124
8/17/2023,23.06,23.19,23.35,22.83,477.38K,-0.003026372676178113,3.4859%,0.03811528029578068
8/18/2023,22.27,22.0,23.0,21.92,1.04M,-0.03425845620121415,1.9955%,0.03431954197375066
8/21/2023,21.83,22.21,22.38,21.44,488.49K,-0.019757521329142436,0.1375%,0.03429156292943796
8/22/2023,21.8,21.9,21.95,21.63,365.80K,-0.0013742556115435844,-6.9971%,0.032151788729042396
8/23/2023,23.38,22.7,23.39,22.54,1.75M,0.0724770642201833,1.3781%,0.0292267772465231
8/24/2023,23.06,23.26,23.44,22.75,820.09K,-0.01368691189050475,-1.3354%,0.04065747639243302
8/25/2023,23.37,23.46,23.55,23.12,584.36K,0.013443191673894184,-0.5547%,0.03693394118341798
8/28/2023,23.5,23.35,23.63,23.2,527.58K,0.005562687205819428,1.8034%,0.03376000267008601
8/29/2023,23.08,23.5,23.69,23.06,487.48K,-0.017872340425531985,-0.3028%,0.03067030729262927
8/30/2023,23.15,23.01,23.21,22.79,440.43K,0.003032928942807711,1.4796%,0.028983747937541233
8/31/2023,22.81,23.37,23.37,22.57,580.35K,-0.014686825053995656,-3.6587%,0.02657815563307637
9/1/2023,23.66,22.89,23.75,22.69,726.64K,0.03726435773783443,20.1093%,0.025322192629234807
9/5/2023,19.35,20.9,21.47,18.5,7.52M,-0.18216398985629745,-2.1473%,0.028267432575974277
9/6/2023,19.77,19.81,20.15,18.62,3.36M,0.021705426356589008,0.1519%,0.08135105320876716
9/7/2023,19.74,19.52,20.1,19.5,1.04M,-0.0015174506828529166,-1.3585%,0.07233216789260034
9/8/2023,20.01,19.66,20.63,19.65,1.48M,0.01367781155015213,0.9036%,0.06389799031387064
9/11/2023,19.83,19.86,20.2,19.41,1.10M,-0.008995502248875686,0.4549%,0.056849056031621235
9/12/2023,19.74,19.83,20.13,19.7,619.51K,-0.004538577912254205,1.3259%,0.05058735427065034
9/13/2023,19.48,19.6,19.94,19.41,636.46K,-0.01317122593718334,-1.4777%,0.045063830880227515
9/14/2023,19.77,19.55,19.85,19.37,761.16K,0.014887063655030675,3.5001%,0.04064611311366141
9/15/2023,19.09,19.68,19.87,19.08,712.57K,-0.034395548811330334,-1.9196%,0.036993051680697754
9/18/2023,19.46,19.3,19.65,19.09,1.24M,0.019381875327396658,2.7085%,0.036389909392280234
9/19/2023,18.94,19.27,19.27,18.83,651.93K,-0.02672147995888996,0.4763%,0.03381896673810694
9/20/2023,18.85,19.0,19.32,18.84,838.94K,-0.0047518479408659164,3.1253%,0.03266740167583213
9/21/2023,18.27,18.72,18.83,18.18,996.81K,-0.030769230769230882,-1.6825%,0.029727682538956926
9/22/2023,18.58,18.64,18.88,18.34,378.85K,0.016967706622879053,-4.1123%,0.030149693754665457
9/25/2023,19.36,18.5,19.91,18.5,983.15K,0.041980624327233595,-0.2579%,0.028439038698678257
9/26/2023,19.41,19.59,20.05,19.3,935.57K,0.0025826446280992066,-4.2366%,0.031537578145117255
9/27/2023,20.25,19.55,20.52,19.51,1.17M,0.043276661514683123,1.4425%,0.028719841111440863
9/28/2023,19.96,20.2,20.21,19.76,554.18K,-0.014320987654320994,0.8554%,0.03204195702473868
9/29/2023,19.79,20.13,20.13,19.66,425.45K,-0.008517034068136309,1.9388%,0.029759401664656075
10/2/2023,19.41,19.8,19.98,18.71,1.35M,-0.01920161697827183,0.4130%,0.027444512738781023
10/3/2023,19.33,19.2,19.5,18.75,909.07K,-0.00412158681092234,-0.4130%,0.026547173324729268
10/4/2023,19.41,19.38,19.63,19.13,529.37K,0.0041386445938955685,1.5053%,0.02457638611371841
10/5/2023,19.12,19.34,19.61,18.98,841.26K,-0.014940752189592899,-1.4023%,0.022939771613343932
10/6/2023,19.39,19.01,19.59,18.98,955.72K,0.014121338912133963,2.7714%,0.02245019520574365
10/9/2023,18.86,18.99,19.2,18.69,682.64K,-0.02733367715317181,-0.7396%,0.02194506637447044
10/10/2023,19.0,18.58,19.23,18.57,1.84M,0.007423117709437932,-4.6281%,0.023746177806720357
10/11/2023,19.9,19.09,20.13,19.06,1.48M,0.047368421052631504,0.8073%,0.0224065599454448
10/12/2023,19.74,19.85,20.51,18.51,3.28M,-0.008040201005025116,-1.2085%,0.02906322891300415
10/13/2023,19.98,19.69,20.28,19.65,579.71K,0.012158054711246313,10.9931%,0.026837983817108318
10/16/2023,17.9,18.16,18.93,17.33,6.96M,-0.1041041041041042,0.1677%,0.025273458778656117
10/17/2023,17.87,17.64,17.95,17.21,2.10M,-0.0016759776536311444,1.8069%,0.0499319322236552
10/18/2023,17.55,18.18,18.27,17.48,1.54M,-0.0179071068830442,0.2853%,0.044461130481205216
10/19/2023,17.5,17.75,17.77,17.02,1.87M,-0.002849002849002913,-3.3158%,0.04046137382421768
10/20/2023,18.09,17.55,18.26,17.53,1.22M,0.03371428571428581,2.7460%,0.036323720078412405
10/23/2023,17.6,17.96,17.96,17.47,1.06M,-0.02708678828081801,-1.0175%,0.03571645247098342
10/24/2023,17.78,17.72,18.03,17.61,605.97K,0.010227272727272751,0.1689%,0.03423684584358583
10/25/2023,17.75,18.01,18.34,17.72,729.02K,-0.0016872890888639525,0.1127%,0.031282756828778686
10/26/2023,17.73,17.43,17.77,17.1,1.05M,-0.0011267605633802358,0.2259%,0.028495471605977162
10/27/2023,17.69,17.66,18.06,17.63,858.04K,-0.002256063169768674,-1.6817%,0.02614477068209156
10/30/2023,17.99,17.86,17.99,17.56,577.89K,0.01695873374788004,0.3341%,0.02419698672136317
10/31/2023,17.93,17.98,18.03,17.65,537.29K,-0.0033351862145635236,0.0558%,0.023662765197679708
11/1/2023,17.92,17.87,18.01,17.56,480.33K,-0.000557724484104738,0.0000%,0.022170715043338562
11/2/2023,17.92,18.0,18.09,17.75,559.88K,0.0,-4.2071%,0.02090240130678089
11/3/2023,18.69,18.66,18.78,18.33,716.38K,0.04296875,2.9318%,0.019870083414803112
11/6/2023,18.15,18.61,18.69,18.13,554.44K,-0.02889245585874811,-0.9323%,0.026291517639774945
11/7/2023,18.32,18.06,18.52,18.06,808.25K,0.009366391184573164,1.4848%,0.027218764748277516
11/8/2023,18.05,18.25,18.36,18.03,484.13K,-0.014737991266375539,0.1109%,0.02537574914491745
11/9/2023,18.03,18.06,18.46,17.74,447.15K,-0.001108033240997175,-0.3875%,0.024360661188819018
11/10/2023,18.1,18.11,18.13,17.81,306.88K,0.0038824181919023815,0.9437%,0.022703806720430438
11/13/2023,17.93,18.14,18.23,17.89,440.11K,-0.00939226519337022,-4.8976%,0.02139592127527418
11/14/2023,18.83,18.25,19.99,18.05,1.72M,0.05019520356943663,2.1472%,0.02066414170053667
11/15/2023,18.43,18.72,19.05,18.19,1.13M,-0.021242697822623446,0.0000%,0.028917148331081995
11/16/2023,18.43,18.43,18.75,18.16,963.50K,0.0,-7.5734%,0.027989847239671604
11/17/2023,19.88,19.82,20.35,19.28,3.76M,0.0786760716223549,3.3763%,0.025716057196124065
11/20/2023,19.22,19.79,20.04,19.17,1.12M,-0.03319919517102621,2.2095%,0.040891638127066414
11/21/2023,18.8,19.17,19.22,18.75,634.83K,-0.02185223725286156,-1.5308%,0.03928394296075376
11/22/2023,19.09,19.0,19.46,18.85,560.66K,0.015425531914893487,-0.8346%,0.036495206458710766
11/24/2023,19.25,19.19,19.35,19.05,553.62K,0.00838135149292829,-2.1584%,0.03354294176295727
11/27/2023,19.67,19.2,19.84,19.1,987.50K,0.02181818181818196,0.8680%,0.030600025109650812
11/28/2023,19.5,19.62,19.66,19.2,1.08M,-0.008642602948652822,1.0309%,0.02938202532064695
11/29/2023,19.3,19.55,19.69,19.14,606.25K,-0.01025641025641022,-0.9796%,0.02713719175578898
11/30/2023,19.49,19.29,19.49,18.97,324.43K,0.00984455958549213,0.7209%,0.025384425274881807
12/1/2023,19.35,19.21,19.39,19.11,484.34K,-0.007183170856849497,-1.4876%,0.02390285694372583
12/4/2023,19.64,19.29,19.77,19.29,1.03M,0.01498708010335914,-0.2035%,0.022532379446971614
12/5/2023,19.68,19.61,19.73,19.54,803.64K,0.0020366598778003286,0.3053%,0.022111228558068165
12/6/2023,19.62,19.68,19.8,19.28,705.12K,-0.0030487804878047697,1.3340%,0.020868043494004257
12/7/2023,19.36,19.51,19.53,19.24,458.61K,-0.013251783893985847,-0.7718%,0.01988699215307024
12/8/2023,19.51,19.39,19.6,19.29,396.93K,0.00774793388429762,1.0822%,0.019871612335786226
12/11/2023,19.3,19.5,19.54,18.98,690.64K,-0.010763710917478297,-0.2587%,0.01931198266498608
12/12/2023,19.35,19.37,19.59,19.12,680.26K,0.002590673575129543,0.0517%,0.01915104266524736
12/13/2023,19.34,19.32,19.55,19.21,554.75K,-0.0005167958656331351,0.0000%,0.01849263379244055
12/14/2023,19.34,19.3,19.51,19.14,712.74K,0.0,-1.3354%,0.017940960963337114
12/15/2023,19.6,19.41,19.6,19.21,669.70K,0.013443640124095158,0.5115%,0.017502957926793995
12/18/2023,19.5,19.46,19.88,19.41,701.25K,-0.005102040816326592,-1.2233%,0.01806260452357251
12/19/2023,19.74,19.44,19.75,19.3,630.18K,0.01230769230769213,1.6344%,0.017736072442182074
12/20/2023,19.42,19.7,20.0,19.42,488.76K,-0.01621073961499475,-1.1265%,0.018093724380489774
12/21/2023,19.64,19.75,19.75,19.48,558.33K,0.011328527291452062,-1.0132%,0.018926431329613577
12/22/2023,19.84,19.7,19.92,19.57,719.48K,0.010183299389002087,-3.3700%,0.018890225391532133
12/26/2023,20.52,20.1,20.84,20.06,5.37M,0.03427419354838701,-0.2434%,0.018746241468567
12/27/2023,20.57,20.54,20.67,20.25,1.46M,0.002436647173489348,0.6829%,0.023195115831110776
12/28/2023,20.43,20.55,20.6,20.39,1.39M,-0.006806028196402525,0.2450%,0.02176113070180766
12/29/2023,20.38,20.39,20.5,20.32,837.72K,-0.0024473813020068347,1.2343%,0.02077345115897188
1/2/2024,20.13,20.19,20.33,20.1,1.45M,-0.012266928361138407,0.9483%,0.0197951878059715
1/3/2024,19.94,20.03,20.14,19.9,1.17M,-0.009438648782911008,-0.7494%,0.01968618046166696
1/4/2024,20.09,20.0,20.28,19.96,1.12M,0.0075225677031092175,0.0000%,0.019316993054867546
1/5/2024,20.09,19.94,20.24,19.94,862.57K,0.0,-1.0399%,0.018858151177508067
1/8/2024,20.3,20.05,20.3,19.97,905.99K,0.010452961672474004,-2.5293%,0.01822939017602484
1/9/2024,20.82,20.28,20.85,20.12,1.35M,0.025615763546797954,-0.4313%,0.018263142916826538
1/10/2024,20.91,20.85,20.91,20.71,801.67K,0.004322766570605152,-0.9993%,0.020779623171539304
1/11/2024,21.12,20.84,21.12,20.74,772.92K,0.010043041606886627,-0.4724%,0.01985115688303389
1/12/2024,21.22,21.1,21.32,20.93,943.55K,0.004734848484848397,0.0943%,0.019482030620205103
1/16/2024,21.2,21.01,21.21,20.92,965.22K,-0.0009425070688029447,5.9770%,0.018829310916754955
1/17/2024,19.97,21.16,21.16,19.82,5.07M,-0.05801886792452837,-1.1451%,0.01821176966693434
1/18/2024,20.2,20.0,20.44,19.96,1.24M,0.011517275913870861,-1.8151%,0.030304741652809927
1/19/2024,20.57,20.31,20.72,20.22,1.50M,0.018316831683168333,4.5248%,0.02807859360854996
1/22/2024,19.66,20.48,20.5,19.65,2.08M,-0.04423918327661647,1.1768%,0.026916561396761112
1/23/2024,19.43,19.7,19.76,19.3,1.97M,-0.01169888097660221,-0.6668%,0.031110072624015484
1/24/2024,19.56,19.7,19.71,19.23,2.06M,0.006690684508491973,0.4098%,0.028775980001981526
1/25/2024,19.48,19.85,19.85,19.44,1.71M,-0.004089979550102152,-0.1026%,0.026521657385374212
1/26/2024,19.5,19.49,19.51,19.37,1.14M,0.0010266940451744144,-0.1025%,0.024554220791268854
1/29/2024,19.52,19.65,19.66,19.4,1.06M,0.0010256410256410664,0.1538%,0.02286119602022406
1/30/2024,19.49,19.5,19.56,19.38,3.15M,-0.0015368852459016757,0.6692%,0.021468519324490738
1/31/2024,19.36,19.53,19.55,19.36,705.52K,-0.006670087224217469,-1.8931%,0.020340773427684387
2/1/2024,19.73,19.55,19.85,19.3,1.00M,0.019111570247933862,-0.5056%,0.01962686617839074
2/2/2024,19.83,19.71,20.11,19.63,1.00M,0.005068423720222981,-0.6033%,0.020486943276148556
2/5/2024,19.95,19.82,19.97,19.55,1.99M,0.00605143721633894,-3.4002%,0.019647017765460767
2/6/2024,20.64,19.95,20.68,19.84,3.61M,0.03458646616541361,-3.4289%,0.01902630648780272
2/7/2024,21.36,20.5,21.43,20.48,6.02M,0.0348837209302324,-1.5792%,0.023451767237509625
2/8/2024,21.7,21.46,22.0,21.39,3.66M,0.015917602996254665,2.6618%,0.026424255487920094
2/9/2024,21.13,21.69,21.83,21.09,3.40M,-0.026267281105990747,7.5164%,0.025309074803132704
2/12/2024,19.6,19.9,19.91,18.95,1.82M,-0.07240889730241351,-8.3647%,0.025997414199951618
2/13/2024,21.31,21.03,21.55,20.64,5.81M,0.08724489795918355,-0.8876%,0.03898031177046712
2/14/2024,21.5,21.32,21.92,21.25,1.63M,0.008916001877053104,14.3817%,0.05085456129911285
2/15/2024,18.62,18.45,19.42,18.45,1.83M,-0.13395348837209298,5.8043%,0.04540524965791289
2/16/2024,17.57,18.69,18.7,17.56,1.12M,-0.0563909774436091,0.3992%,0.0697145676065158
2/20/2024,17.5,17.53,17.56,16.96,718.79K,-0.003984063745019917,9.0237%,0.0660881164402856
2/21/2024,15.99,16.85,16.97,15.6,4.67M,-0.0862857142857143,3.6947%,0.05848736523946977
2/22/2024,15.41,16.05,16.09,15.23,7.75M,-0.03627267041901183,-0.6468%,0.06344315483776057
2/23/2024,15.51,15.4,15.78,15.16,3.19M,0.006489292667099189,1.1673%,0.058232940312827
2/26/2024,15.33,15.54,15.54,15.27,1.86M,-0.011605415860735047,-0.6502%,0.0517111618995983
2/27/2024,15.43,15.33,15.58,15.14,1.46M,0.0065231572080886036,0.6502%,0.04625839323634802
2/28/2024,15.33,15.33,15.47,15.25,868.87K,-0.006480881399870353,0.8516%,0.04137446893817518
2/29/2024,15.2,15.47,15.49,15.15,767.62K,-0.008480104370515384,2.4643%,0.0371897489327316
3/1/2024,14.83,15.18,15.22,14.8,1.10M,-0.02434210526315783,3.2206%,0.033699560895553274
3/4/2024,14.36,14.84,14.85,14.27,1.13M,-0.03169251517194882,-0.0696%,0.03223553472741144
3/5/2024,14.37,14.38,14.43,14.2,737.90K,0.0006963788300835549,0.0000%,0.0322314345081438
3/6/2024,14.37,14.36,14.4,14.15,1.31M,0.0,-0.4167%,0.029288571728027377
3/7/2024,14.43,14.35,14.53,14.27,573.46K,0.0041753653444676075,0.4167%,0.026805318013525117
3/8/2024,14.37,14.5,14.72,14.21,988.06K,-0.004158004158004158,1.1901%,0.024786366093892016
3/11/2024,14.2,14.35,14.47,14.15,716.58K,-0.011830201809324925,-1.1205%,0.02312012000062957
3/12/2024,14.36,14.51,14.51,14.0,883.47K,0.011267605633802802,-2.1358%,0.022257220814032516
3/13/2024,14.67,14.27,14.79,14.17,1.41M,0.021587743732590647,3.1155%,0.02149631498942457
3/14/2024,14.22,14.62,14.62,14.14,1.21M,-0.030674846625766805,-0.9101%,0.02228856829534037
3/15/2024,14.35,14.18,14.48,13.93,1.44M,0.00914205344585084,1.6866%,0.024705698288558085
3/18/2024,14.11,14.2,14.44,14.05,1.53M,-0.01672473867595825,0.8541%,0.023298919817480227
3/19/2024,13.99,14.09,14.16,13.79,946.27K,-0.00850460666194186,1.4399%,0.022955547343239104
3/20/2024,13.79,13.97,13.97,13.6,1.27M,-0.014295925661186648,0.4360%,0.021847846214338475
3/21/2024,13.73,13.78,13.88,13.66,934.75K,-0.00435097897026826,-0.5810%,0.021517510924494186
3/22/2024,13.81,13.77,13.86,13.5,927.88K,0.0058266569555718295,-1.4378%,0.02045569731094557
3/25/2024,14.01,13.82,14.11,13.82,851.07K,0.014482259232440287,1.2931%,0.019658882653815143
3/26/2024,13.83,14.05,14.07,13.83,469.89K,-0.012847965738758016,-2.0752%,0.019824857642756613
3/27/2024,14.12,13.87,14.13,13.82,656.36K,0.020968908170643452,1.1396%,0.01977580479601386
3/28/2024,13.96,14.19,14.31,13.94,733.08K,-0.011331444759206666,0.6468%,0.020916032286812124
4/1/2024,13.87,13.95,13.99,13.61,673.07K,-0.006446991404011615,-1.4317%,0.020461030033773017
4/2/2024,14.07,13.79,14.1,13.69,400.64K,0.014419610670511895,0.6417%,0.01970927488939963
4/3/2024,13.98,14.07,14.22,13.85,527.39K,-0.006396588486140664,-4.1337%,0.019855200637599227
4/4/2024,14.57,14.08,14.57,14.02,1.01M,0.04220314735336195,-1.9035%,0.01922378018282981
4/5/2024,14.85,14.49,15.05,14.44,932.69K,0.019217570350034352,0.4049%,0.025693820124441248
4/8/2024,14.79,14.9,14.98,14.66,445.40K,-0.004040404040404066,-0.7410%,0.025137569388914226
4/9/2024,14.9,14.82,14.98,14.77,265.70K,0.007437457741717557,0.1343%,0.02340613905013382
4/10/2024,14.88,14.67,14.92,14.67,230.62K,-0.0013422818791946067,1.4895%,0.02213053835113163
4/11/2024,14.66,14.91,14.93,14.64,479.40K,-0.014784946236559127,-0.3405%,0.02087671637228494
4/12/2024,14.71,14.59,14.81,14.48,748.94K,0.003410641200545683,1.7141%,0.02082443224325511
4/15/2024,14.46,14.78,14.84,14.31,487.59K,-0.016995241332426914,-0.4141%,0.019856324671009135
4/16/2024,14.52,14.41,14.64,14.31,518.45K,0.004149377593360981,-1.8424%,0.02035542239952761
4/17/2024,14.79,14.73,14.81,14.57,804.73K,0.018595041322313932,-0.6067%,0.019503647363956936
4/18/2024,14.88,14.82,14.91,14.76,403.11K,0.006085192697768971,-1.4677%,0.02031109714837165
4/19/2024,15.1,14.73,15.15,14.71,571.50K,0.014784946236559016,-2.0971%,0.01955708743975864
4/22/2024,15.42,15.1,15.53,15.02,787.53K,0.02119205298013238,-0.8395%,0.01978708959655375
4/23/2024,15.55,15.4,15.72,15.23,446.99K,0.008430609597924743,-1.5316%,0.020964231258436192
4/24/2024,15.79,15.55,15.87,15.52,473.94K,0.015434083601286064,-1.6955%,0.020229130040544246
4/25/2024,16.06,15.69,16.14,15.48,433.44K,0.017099430018999273,-0.0622%,0.020385735836660656
4/26/2024,16.07,16.14,16.25,16.0,466.00K,0.0006226650062266526,-2.2763%,0.0207389309191672
4/29/2024,16.44,16.11,16.46,16.06,568.75K,0.023024268823895522,1.4706%,0.019739085479869193
4/30/2024,16.2,16.33,16.4,16.19,475.06K,-0.014598540145985495,1.1173%,0.021271313182919104
5/1/2024,16.02,16.17,16.25,16.0,476.09K,-0.011111111111111072,1.3195%,0.02110593699675833
5/2/2024,15.81,16.13,16.21,15.8,548.88K,-0.013108614232209659,2.0448%,0.020588783213034215
5/3/2024,15.49,15.88,15.9,15.48,828.41K,-0.02024035420619863,-0.3223%,0.02039720340340302
5/6/2024,15.54,15.63,15.79,15.49,489.65K,0.0032278889606196515,-2.1013%,0.021279790127175388
5/7/2024,15.87,15.56,15.89,15.34,370.31K,0.021235521235521304,2.4882%,0.02021900283718435
5/8/2024,15.48,15.81,15.83,15.47,424.83K,-0.02457466918714546,-1.7291%,0.021286523925216457
5/9/2024,15.75,15.5,15.76,15.48,240.95K,0.01744186046511631,-0.1269%,0.022721285730970195
5/10/2024,15.77,15.75,15.82,15.37,397.36K,0.0012698412698413097,-1.6353%,0.0225750956669345
5/13/2024,16.03,15.87,16.52,15.86,889.42K,0.016487000634115567,-0.6219%,0.02123655665614812
5/14/2024,16.13,16.07,16.28,16.01,343.39K,0.00623830318153451,-4.3670%,0.02129976481495479
5/15/2024,16.85,16.21,16.88,16.15,728.43K,0.04463732176069457,0.5356%,0.020358050623610523
5/16/2024,16.76,16.79,16.96,16.64,873.47K,-0.005341246290801127,-0.4762%,0.027063554316215162
5/17/2024,16.84,16.81,17.2,16.77,584.33K,0.004773269689737347,-0.2965%,0.025047941531738796
5/20/2024,16.89,16.89,16.94,16.71,207.15K,0.002969121140142583,-0.1775%,0.023349907437576235
5/21/2024,16.92,16.87,17.13,16.83,517.24K,0.001776198934280604,1.5486%,0.021899385903108134
5/22/2024,16.66,16.91,16.99,16.65,295.87K,-0.015366430260047359,0.6625%,0.02069147088586152
5/23/2024,16.55,16.75,16.82,16.55,313.95K,-0.006602641056422498,-1.4993%,0.02075798066687251
5/24/2024,16.8,16.75,16.9,16.69,334.99K,0.015105740181268867,3.3286%,0.019955902036601626
5/28/2024,16.25,16.9,16.94,16.14,348.81K,-0.03273809523809523,-2.5518%,0.020133355282034904
5/29/2024,16.67,16.34,16.71,16.27,434.84K,0.025846153846153852,-0.0600%,0.02373912538171143
5/30/2024,16.68,16.74,16.79,16.37,304.54K,0.0005998800239950253,-1.1919%,0.024714212907514858
5/31/2024,16.88,16.7,17.0,16.6,551.76K,0.011990407673860837,-2.2841%,0.022991041458173787
6/3/2024,17.27,16.91,17.31,16.89,513.07K,0.023104265402843716,0.4062%,0.02214969409120382
6/4/2024,17.2,17.3,17.4,17.13,927.25K,-0.004053271569195105,0.0000%,0.02303874538313111
6/5/2024,17.2,17.29,17.3,16.85,598.03K,0.0,5.6816%,0.02168188371542235
6/6/2024,16.25,17.11,17.15,16.24,489.30K,-0.05523255813953487,-2.1310%,0.020502393634878952
6/7/2024,16.6,16.25,16.82,16.11,675.37K,0.02153846153846173,-0.1806%,0.030496044336743303
6/10/2024,16.63,16.65,16.96,16.53,432.51K,0.0018072289156625398,-2.3768%,0.029261884852188
6/11/2024,17.03,16.6,17.12,16.6,344.63K,0.02405291641611562,-0.8187%,0.026792555646563434
6/12/2024,17.17,17.23,17.28,16.96,371.31K,0.00822078684674099,3.6778%,0.026711585105968966
6/13/2024,16.55,17.14,17.17,16.36,371.57K,-0.03610949330227142,1.3382%,0.02488634331414677
6/14/2024,16.33,16.53,16.61,16.2,455.40K,-0.01329305135951675,-0.1224%,0.027744676479558094
6/17/2024,16.35,16.35,16.41,16.1,271.28K,0.0012247397428049034,1.1689%,0.026132698972990843
6/18/2024,16.16,16.29,16.32,16.06,211.73K,-0.011620795107033732,0.3099%,0.024171011815794993
6/20/2024,16.11,16.09,16.25,16.0,235.61K,-0.0030940594059406523,-0.3099%,0.02308068471554081
6/21/2024,16.16,16.11,16.25,16.06,243.42K,0.0031036623215394687,-0.5554%,0.021687078452267396
6/24/2024,16.25,16.16,16.28,16.08,175.63K,0.005569306930693019,0.8032%,0.020545811933317778
6/25/2024,16.12,16.25,16.27,15.94,247.80K,-0.007999999999999896,-0.3097%,0.019717959749714416
6/26/2024,16.17,16.1,16.22,15.99,180.24K,0.0031017369727046606,2.0619%,0.01922412023276064
6/27/2024,15.84,16.18,16.18,15.83,198.94K,-0.020408163265306256,-1.8762%,0.01856437209021275
6/28/2024,16.14,15.8,16.29,15.8,253.18K,0.018939393939394034,-1.1091%,0.019978431603730227
7/1/2024,16.32,16.37,16.69,16.07,341.18K,0.011152416356877248,0.4298%,0.0207185219190298
7/2/2024,16.25,16.33,16.55,16.18,205.95K,-0.0042892156862744946,0.8032%,0.020267666509780288
7/3/2024,16.12,16.25,16.29,16.11,100.79K,-0.007999999999999896,-0.6801%,0.019446687907149093
7/5/2024,16.23,16.15,16.33,16.05,188.79K,0.006823821339950298,2.4955%,0.01901042099314719
7/8/2024,15.83,16.23,16.25,15.81,261.38K,-0.02464571780653113,-0.6925%,0.018569473882314315
7/9/2024,15.94,15.89,15.97,15.72,593.46K,0.006948831332912242,-5.4331%,0.020823140910365
7/10/2024,16.83,15.88,16.86,15.88,571.93K,0.05583437892095344,-0.1781%,0.020016502518415788
7/11/2024,16.86,16.9,17.2,16.7,537.82K,0.0017825311942960553,0.0593%,0.030376365071065545
7/12/2024,16.85,16.93,17.1,16.85,443.45K,-0.0005931198102014923,1.4948%,0.02772980567891365
7/15/2024,16.6,16.89,16.89,16.51,236.89K,-0.014836795252225476,-3.3761%,0.025500141944341442
7/16/2024,17.17,16.6,17.2,16.5,234.56K,0.03433734939759048,2.4765%,0.024471113913771835
7/17/2024,16.75,17.07,17.25,16.74,324.66K,-0.024461269656377516,0.4188%,0.027001155824322373
7/18/2024,16.68,16.82,17.1,16.62,559.70K,-0.004179104477611939,-0.0599%,0.026971776515224654
7/19/2024,16.69,16.71,16.78,16.43,178.15K,0.0005995203836930418,-1.9579%,0.024931158500111156
7/22/2024,17.02,16.72,17.03,16.5,245.81K,0.019772318753744633,1.0632%,0.023170476015584928
7/23/2024,16.84,17.05,17.19,16.78,240.47K,-0.010575793184488869,-2.1152%,0.02325771229171593
7/24/2024,17.2,16.79,17.2,16.58,435.56K,0.0213776722090262,0.6416%,0.022253442248330813
7/25/2024,17.09,17.23,17.3,16.94,322.78K,-0.006395348837209269,0.3517%,0.022817698822083825
7/26/2024,17.03,17.24,17.34,17.0,289.43K,-0.003510825043885224,-0.1760%,0.021604955400366194
7/29/2024,17.06,17.01,17.24,16.79,323.58K,0.0017615971814444187,1.0607%,0.020496891411706963
7/30/2024,16.88,17.09,17.11,16.7,227.73K,-0.010550996483001174,-1.6452%,0.019555039461651227
7/31/2024,17.16,16.9,17.24,16.86,168.76K,0.0165876777251186,2.1798%,0.019318604675577097
8/1/2024,16.79,17.16,17.16,16.46,270.32K,-0.021561771561771637,1.2586%,0.019860827567825687
8/2/2024,16.58,16.61,16.69,16.37,257.71K,-0.012507444907683185,1.1526%,0.02112240604084866
8/5/2024,16.39,15.66,16.48,15.66,394.95K,-0.011459589867309883,-2.1130%,0.020745742327401926
8/6/2024,16.74,16.41,16.78,16.19,186.98K,0.021354484441732602,-1.3057%,0.020340229581105075
8/7/2024,16.96,16.8,17.06,16.68,182.26K,0.0131421744324971,-0.1767%,0.02139625425256286
8/8/2024,16.99,16.95,17.1,16.87,153.70K,0.001768867924528239,1.0651%,0.021007278831703075
8/9/2024,16.81,17.02,17.03,16.64,131.53K,-0.01059446733372571,0.2382%,0.01996734930232815
8/12/2024,16.77,16.81,16.92,16.53,161.31K,-0.002379535990481796,1.8051%,0.019644509749720696
8/13/2024,16.47,16.76,16.84,16.4,263.25K,-0.017889087656529523,-2.6956%,0.01888641168249877
8/14/2024,16.92,16.44,16.97,16.44,161.70K,0.027322404371584952,-2.1053%,0.01977515748218702
8/15/2024,17.28,16.97,17.32,16.95,254.54K,0.02127659574468077,-0.1157%,0.022183967394892982
8/16/2024,17.3,17.25,17.34,17.1,187.26K,0.0011574074074074403,-2.5115%,0.022748743579272524
8/19/2024,17.74,17.28,17.8,17.08,387.93K,0.02543352601156057,0.5086%,0.021377545651488358
8/20/2024,17.65,17.77,17.77,17.42,192.09K,-0.005073280721533235,-0.2264%,0.02291463710686189
8/21/2024,17.69,17.68,17.76,17.47,278.73K,0.002266288951841444,0.3398%,0.021619932423616057
8/22/2024,17.63,17.72,17.86,17.53,145.75K,-0.0033917467495762077,1.6586%,0.02047242918278358
8/23/2024,17.34,17.68,17.75,17.31,145.35K,-0.016449234259784395,1.3353%,0.019578623951595264
8/26/2024,17.11,17.49,17.61,17.07,188.63K,-0.013264129181084217,-2.9939%,0.020065725798087613
8/27/2024,17.63,17.01,17.77,16.91,413.66K,0.030391583869082472,0.9689%,0.02001079163065551
8/28/2024,17.46,17.41,17.7,17.19,357.93K,-0.009642654566080489,0.0000%,0.023041734628949363
8/29/2024,17.46,17.52,17.73,17.39,230.00K,0.0,1.3261%,0.02200261043057325
8/30/2024,17.23,17.5,17.5,17.03,239.59K,-0.013172966781214268,0.9916%,0.020763508157119744
9/3/2024,17.06,17.07,17.43,16.9,274.48K,-0.009866511897852703,-0.4678%,0.020540389322718483
9/4/2024,17.14,17.03,17.21,16.8,757.84K,0.004689331770222793,0.3507%,0.020026642784356743
9/5/2024,17.08,17.22,17.33,17.0,200.95K,-0.003500583430571913,3.6975%,0.019261766594251092
9/6/2024,16.46,16.99,17.08,16.44,303.68K,-0.03629976580796235,0.5483%,0.01861358082360963
9/9/2024,16.37,16.42,16.5,16.2,244.73K,-0.005467800729040073,-0.1831%,0.023714769517972672
9/10/2024,16.4,16.35,16.46,16.01,268.37K,0.0018326206475258733,4.6810%,0.022290661581545385
9/11/2024,15.65,15.7,16.0,14.75,801.18K,-0.0457317073170731,-0.8272%,0.021011157343587474
9/12/2024,15.78,15.7,15.82,15.46,230.95K,0.008306709265175627,-2.9350%,0.027825380857864547
9/13/2024,16.25,15.91,16.34,15.77,172.89K,0.02978453738910014,-1.5267%,0.025812710621150918
9/16/2024,16.5,16.27,16.52,16.2,151.87K,0.01538461538461533,0.6079%,0.026997642781098903
9/17/2024,16.4,16.6,16.76,16.38,327.73K,-0.0060606060606061,1.5361%,0.02571266151522107
9/18/2024,16.15,16.43,16.53,16.12,268.77K,-0.015243902439024404,-0.8631%,0.02395962316347641
9/19/2024,16.29,16.33,16.41,16.16,143.36K,0.008668730650154943,1.9839%,0.023290433778978038
9/20/2024,15.97,16.29,16.36,15.94,260.34K,-0.019643953345610754,-0.4997%,0.02211579901258629
9/23/2024,16.05,16.02,16.07,15.89,117.58K,0.0050093926111458575,0.3120%,0.02246642991423188
9/24/2024,16.0,16.11,16.15,15.93,259.94K,-0.0031152647975077885,-1.2423%,0.021243606090272774
9/25/2024,16.2,16.01,16.34,15.95,195.86K,0.012499999999999956,-1.7743%,0.020192358773265213
9/26/2024,16.49,16.34,16.58,16.18,200.07K,0.01790123456790127,0.0607%,0.01999693438413683
9/27/2024,16.48,16.51,16.62,16.48,219.03K,-0.0006064281382655023,1.8372%,0.020567462000705895
9/30/2024,16.18,16.51,16.6,16.07,276.03K,-0.01820388349514568,1.1812%,0.019601690882126578
10/1/2024,15.99,16.27,16.27,15.91,206.84K,-0.011742892459826959,-1.7974%,0.02035371243780518
10/2/2024,16.28,15.88,16.32,15.88,364.65K,0.018136335209506083,-0.1841%,0.020062910993903494
10/3/2024,16.31,16.24,16.43,16.23,178.34K,0.001842751842751733,-1.0369%,0.020653341369169555
10/4/2024,16.48,16.34,16.55,16.07,186.64K,0.010423053341508393,2.7062%,0.019682481525535846
10/7/2024,16.04,16.51,16.51,16.03,173.36K,-0.02669902912621369,-0.7453%,0.01938553078353356
10/8/2024,16.16,15.99,16.25,15.88,185.08K,0.007481296758104827,0.2478%,0.021825780613311016
10/9/2024,16.12,16.15,16.22,16.02,149.62K,-0.0024752475247524774,0.1241%,0.020854297737696644
10/10/2024,16.1,16.06,16.23,16.02,128.01K,-0.001240694789081842,-0.9889%,0.019861099570535067
10/11/2024,16.26,16.15,16.35,16.12,115.46K,0.009937888198757738,-0.2457%,0.01903935848446233
10/14/2024,16.3,16.15,16.33,16.1,132.11K,0.002460024600245969,-1.3407%,0.018838717099540474
10/15/2024,16.52,16.25,16.63,16.23,187.33K,0.013496932515337345,0.0000%,0.018241141188817908
10/16/2024,16.52,16.61,16.74,16.5,158.30K,0.0,0.3639%,0.018622695623651642
10/17/2024,16.46,16.47,16.53,16.32,143.83K,-0.00363196125907983,-0.1214%,0.01804227424375939
10/18/2024,16.48,16.55,16.63,16.45,121.51K,0.0012150668286754485,0.7308%,0.017653664715293806
10/21/2024,16.36,16.49,16.52,16.29,120.06K,-0.00728155339805836,1.0446%,0.017283178440936228
10/22/2024,16.19,16.22,16.25,15.99,204.15K,-0.010391198044009675,3.5202%,0.017271112663291097
10/23/2024,15.63,16.09,16.09,15.48,464.21K,-0.03458925262507728,-1.0818%,0.0175476355647135
10/24/2024,15.8,15.64,15.97,15.52,307.40K,0.010876519513755678,-1.0076%,0.02260498166462764
10/25/2024,15.96,15.82,16.0,15.8,114.13K,0.010126582278481067,0.3766%,0.021738322744159714
10/28/2024,15.9,16.4,16.4,15.89,235.37K,-0.003759398496240629,-0.1885%,0.02098114707889395
10/29/2024,15.93,15.89,16.05,15.86,120.49K,0.0018867924528300772,-0.1881%,0.02000061562327289
10/30/2024,15.96,15.91,16.21,15.81,156.62K,0.0018832391713747842,-1.8007%,0.01915777047792306
10/31/2024,16.25,15.95,16.26,15.9,269.44K,0.018170426065162948,-2.6717%,0.018483384837771462
11/1/2024,16.69,16.4,16.74,16.33,275.55K,0.02707692307692322,0.2400%,0.019492476382010047
11/4/2024,16.65,16.68,16.74,16.4,232.03K,-0.002396644697423733,-2.3153%,0.021936525936602055
11/5/2024,17.04,16.69,17.06,16.67,216.59K,0.023423423423423406,-1.1669%,0.020736599441571125
11/6/2024,17.24,17.15,17.44,17.0,266.34K,0.011737089201877993,-3.9243%,0.022064051557350303
11/7/2024,17.93,17.26,17.95,17.15,289.13K,0.040023201856148605,0.0000%,0.021387438414630946
