Const,SP_Surge,Overpayment Factor,Panic Buy Adjustment,Average Sentiment,PPD,omega,alpha[1],beta[1]
0.31983706614105234,0.6309879057038732,-0.10268324359323593,-0.08596338645963501,1.6531234434685445,-0.15893773980827655,0.4301147338542347,0.1562778403761307,0.8228479782152935
0.3163606864649241,0.6388947230414386,-0.10583561411432196,-0.08666553354864112,1.6705948470567784,-0.12371002288854806,0.43564557137099863,0.15656053264954267,0.8217724915742026
0.325167552104783,0.6045221462078412,-0.10546359558771559,-0.08663787510848649,1.6278925054439999,-0.10212700596686415,0.4474739345174138,0.15775887775567937,0.8191150454705949
0.3423403543284025,0.6574644978623675,-0.10761221767236556,-0.08818613111108946,1.6072322174496048,-0.13452008038615523,0.45962633187358226,0.15934399554517775,0.8162220555075487
0.3710363570862775,0.6531627821853326,-0.10908508627338022,-0.09130319026141398,1.5866759440244724,-0.1339708902008618,0.4815590369683424,0.16219526087570238,0.8110042462260817
0.4023579050047941,0.6635780585731357,-0.11290797098670687,-0.09482601610837192,1.5718715407396024,-0.14889435836427428,0.49041294691543763,0.16366395825897198,0.8087440903899124
0.4352029440402742,0.6341141575309768,-0.1146665934912184,-0.09880683999699762,1.5707867826482431,-0.1383256499542984,0.5085785223417335,0.16627486787994866,0.8042989167543568
0.5028008318366856,0.5779689403305581,-0.12126625456860096,-0.10838297856301353,1.6168219456680946,-0.08632683715630061,0.5000827146944754,0.1652277139035758,0.8063351355066715
0.540994266389683,0.5762550095278329,-0.12447955519366044,-0.11311549992250296,1.6147154710321354,-0.0794450189626792,0.5172199843027728,0.16721398131632112,0.802361958707786
0.4788546296315853,0.7051944057847676,-0.12740549404424154,-0.09830144062110874,1.4347817814423796,-0.2009457057671216,0.497360490099661,0.16490455826238895,0.8069142540707321
0.5009611698884435,0.6994112549492789,-0.12941579271029044,-0.10005271184375464,1.3950262999892935,-0.1940216936290344,0.5062062713635084,0.16557794691336777,0.8050127550453504
0.5208893557317804,0.6965251492344062,-0.13245557562923085,-0.10127105784258993,1.3601499011778513,-0.2062082733512358,0.517631586244915,0.16684936384825394,0.8023320739161267
0.5216780921827303,0.717358902411469,-0.1376919513481689,-0.10202280254982964,1.3629739724871968,-0.17404788570931407,0.5250651392786284,0.16757749064112412,0.8006523453566387
0.546901875623443,0.7410169354992137,-0.14166409442470426,-0.1044783140076378,1.3401449874162028,-0.1808841286729096,0.5394490125931706,0.16966694547765124,0.7970115146979795
0.5715729165852362,0.7385243882808211,-0.1448866314330853,-0.10680205824093679,1.3147638495180543,-0.17195767227787334,0.5543402486938012,0.17222745695406338,0.7930183316472319
0.5854913135591996,0.6395779649233906,-0.1431429024472723,-0.10806714910800731,1.30586264519654,-0.1706793040587976,0.5617695415331971,0.17401109457199684,0.7906790313921449
0.5721806073588015,0.6261044853223918,-0.14074881965449765,-0.10621736051868594,1.3020358149975308,-0.15813057077925724,0.565018461024261,0.17478239482868502,0.7895822143372182
0.5512676367839111,0.7629130398025625,-0.14179132000727476,-0.10284785416929135,1.2533988738872464,-0.20371720588326625,0.5637323325883461,0.17412313484273326,0.7902966493866806
0.5698497209104108,0.764036391035281,-0.14399907024842531,-0.10492868901172325,1.2447888323398972,-0.1990087340849474,0.5673403627948915,0.17477092897454094,0.7891155941644258
0.48689437138637043,0.7133116837136814,-0.13869911235779972,-0.1026761438338666,1.619307465252595,-0.26707319864134665,0.5430319682495229,0.1699286376629822,0.7963637053103275
0.4755685378938557,0.6815519712226916,-0.13664220943281055,-0.10361749747827255,1.6941956400978486,-0.24623210212906113,0.5362383469017559,0.16782694945510107,0.7984054375241167
0.46182958080122627,0.6988066419617501,-0.13657083141445436,-0.1028750498647439,1.7437200767716952,-0.2644252683190389,0.5328711876087506,0.16685950266313487,0.799273921537609
0.4939124866491948,0.3435954859724877,-0.14272462688974533,-0.09180843878284817,1.193322712974729,-0.23752140034980157,0.5446766292243524,0.17431325225040842,0.7967985584805853
0.4534288405507903,0.30765012344888565,-0.13987522888747675,-0.08815148455821223,1.240654093809194,-0.2238765881091131,0.5230023155884924,0.1678473815653285,0.8035598821556172
0.43755863086756247,0.30628152591060664,-0.1395322247933495,-0.08770663531652631,1.292278230578017,-0.225172098654791,0.513702264100551,0.1642074497421594,0.8069057656580263
0.4245512019986838,0.2961295794992256,-0.13917940977733884,-0.08681720043201137,1.3182237192158641,-0.22485559366893226,0.5086449136603216,0.16143113830762296,0.809101952820088
0.425614127435222,0.39274960893747873,-0.14281494358363742,-0.08694235878638407,1.3131666383887297,-0.22910468575129714,0.5101411527450902,0.1612156264532604,0.8089876617091909
0.4420914029603034,0.40457457116260787,-0.14578302646037047,-0.08898656118898875,1.312324973351688,-0.23982392423583948,0.5140516748706572,0.1611075890504665,0.8083774767701519
0.45099380089820845,0.3955533161760689,-0.14715724716518536,-0.09035110916359994,1.324432362220034,-0.23639147660365692,0.5191783718954738,0.16074552629984537,0.8076465481130678
0.457430232958246,0.414029912879428,-0.1486446146925232,-0.0909967837969429,1.3194528176525366,-0.24618994640216477,0.5292795557058776,0.161368784966184,0.8055823817713823
0.4820940123882782,0.43527873119730676,-0.15157169134648985,-0.09336094926651128,1.2933024048250839,-0.2533116018687642,0.5467250164576858,0.1635352952330098,0.801513281279278
0.5158961663496436,0.4543303355318507,-0.15474455717121385,-0.0973845299573354,1.2829720646949925,-0.25700694508286936,0.5699519049749071,0.1669700990268229,0.7958253186642343
0.527374921830865,0.5095787781685588,-0.1576429956024156,-0.0986065903803653,1.2953205258570224,-0.29226645269771584,0.5847125192634587,0.16945114933897046,0.7920415599301802
0.5621275171896314,0.5430327173995363,-0.1616970525192943,-0.10207546346468263,1.2709067746849603,-0.3114344463821292,0.6103500870477747,0.17387320229587408,0.785403847316688
0.6033622659920925,0.5843590729101338,-0.16565044471669196,-0.10605822892651137,1.238240782887293,-0.3360780119540987,0.6382649227694929,0.17919875104478877,0.7778958457169601
0.6371419490356998,0.609537963248409,-0.16893016841425662,-0.1087939521515136,1.193676197845938,-0.350636984436667,0.662357463184338,0.1844541817737361,0.7709836087925983
0.49318541037214775,0.19764571178850635,-0.14894308408850254,-0.09704742396825436,1.3700596918325587,-0.08499927039031159,0.5720303554580705,0.16472074279584006,0.7968317829414945
0.48955958242760267,0.04477692975971921,-0.14322430633088823,-0.09669704211909913,1.382034063808064,-0.0812315784479029,0.5688679534389532,0.16462699142646453,0.7973584653024918
0.4665535118520961,-0.002829096455287113,-0.13959189589572624,-0.09437333223832126,1.4017963975580003,-0.059614051439530844,0.560038479010682,0.1626773922115152,0.7996070857927942
0.45531064118658726,0.022785091638943114,-0.13901955594895096,-0.09276516570275187,1.3864209661408389,-0.06805258361075198,0.558596201611749,0.16215715898236727,0.7999667916921029
0.4389819571046854,0.004336172769202197,-0.1368091648098565,-0.09070398317403915,1.3848428654507903,-0.06645665807808755,0.5559827334517079,0.1616408156512068,0.8004127857556863
0.4344846435742393,-0.017164025241691944,-0.13584770857100056,-0.09035038014722217,1.397327122848649,-0.06633989901488424,0.5565019804437202,0.1619952309656707,0.7998631448715222
0.44257849831551715,-0.08218844940736798,-0.13281504264918262,-0.09405330392181109,1.4677757379353864,-0.020287897884160185,0.5580120287869088,0.16258578019619038,0.7990710258198584
0.37760351161565897,0.1608680516957467,-0.13780701394415737,-0.08648898763813584,1.5683246748150617,-0.16022232765779684,0.5409260730942582,0.15672785810885873,0.8061994866765178
0.3563363500282706,0.1020806597603826,-0.1373865842430843,-0.08388154348519235,1.584230229896115,-0.16958294507786276,0.5318876834429239,0.1550642902751333,0.8083846739150885
0.3414832783302844,0.08657272690469484,-0.13579220364514827,-0.08246049440613859,1.6073704508355284,-0.17588327534329912,0.5233700115882637,0.15317140704097196,0.810549507366676
0.3561531048868335,-0.11897526847520223,-0.1289275778164226,-0.07149541728128822,1.128328356102628,-0.010955057612269644,0.5547495175350395,0.16072043090848306,0.8033783208315414
0.34820631922138157,-0.06893033505187987,-0.12934798415855184,-0.07017296704868094,1.1203099121711952,-0.046551153860565374,0.5498547710273161,0.15934266874615943,0.8048436647096674
0.3295098650902819,-0.13623258178838807,-0.1257745033931544,-0.06802800855951643,1.1295802888328041,-0.03951285173557722,0.5395917314537949,0.15662855894628583,0.8078144692838195
0.30586006702951574,-0.15638756618139793,-0.12281286952441532,-0.0652186931904206,1.1347796051069465,-0.02866198108859231,0.5323852174865605,0.15426962939090538,0.8101241115066301
0.2976829695626931,-0.1883600527607993,-0.12131988550746363,-0.06415897301732085,1.136713711959062,-0.018582872501582415,0.5301064856503193,0.1526982625269876,0.8112157516122181
0.3407322213835919,-0.2219736743009197,-0.1249765761928322,-0.0695810710605547,1.1415897420420131,0.00789451348642254,0.5370956236269775,0.15312960077622914,0.8098138740933385
0.3575511646924481,-0.23269403272325323,-0.12562881223865416,-0.07047243766366278,1.0895530115986853,0.02445993472564918,0.5454150972123905,0.15358049422531173,0.8081479880112906
0.37666728022104595,-0.2759162128660579,-0.12462408237504069,-0.07426119134668345,1.1205789003401216,0.06137836395796276,0.5550559172674856,0.1543829949340188,0.8060821709570815
0.3908028337506835,-0.2669212147148196,-0.12583888322994058,-0.07575391931770718,1.1183720083941355,0.05570623869879244,0.5677182511846208,0.15597955492894433,0.8030762580679703
0.4134925838105825,-0.2876282732323614,-0.12765037488029304,-0.07783741363405791,1.096067222390882,0.05654203647304316,0.5848133702045514,0.15852374205266567,0.7988237092575772
0.45359498659106173,-0.3032881565169394,-0.12462171280825174,-0.0804748139062678,1.0456657058845626,0.005913499099469294,0.6003069711959449,0.1612599936486468,0.7947770687283887
0.4788718908571291,-0.3220981501879329,-0.12497831607308328,-0.08217766879554741,1.0022448981177143,0.004905628652883493,0.6171556875976847,0.16421043711670358,0.7902936916399798
0.5104359242980803,-0.3063696406631175,-0.12666986366883398,-0.08486365377109908,0.9663096148730728,-0.014735223155953069,0.635831448446673,0.1678414293727418,0.7851267547755334
0.523716800964385,-0.4182669905795572,-0.12318195301359222,-0.08592396418001812,0.9564741246901147,-0.017482582707598452,0.6417728637023388,0.1697704664075861,0.782903407749425
0.518749082573244,-0.4438691573548134,-0.12038977023438537,-0.08483643840598656,0.9472538493853628,-0.01452326290746626,0.643975335065862,0.17117889710444617,0.781490272625986
0.5176940077781437,-0.3916636009896266,-0.12063576897006531,-0.08372574423532546,0.9083534988349528,-0.042436384584460876,0.6474559262153485,0.17272728436869228,0.7798461534905305
0.521733382632988,-0.40168790390412723,-0.11994436806387736,-0.08358518734219653,0.8919612950212282,-0.052503307719257,0.6461794351560721,0.17419481353075866,0.7788334423788787
0.5273346375267751,-0.4100667837140109,-0.11935493143866857,-0.08333494818401688,0.861292660523378,-0.0595151271411073,0.6440793804199841,0.17586712553123032,0.7778136848713881
0.529394749772535,-0.4268470702785055,-0.11833856271342717,-0.08316916961890762,0.8512233782140691,-0.0658320348868809,0.6385490979752942,0.1773862281636917,0.7773750482416256
0.5113485219347114,-0.3836065611326449,-0.1184664738827708,-0.08106838063356012,0.8875141809720598,-0.10967847591498624,0.6317625783233547,0.17768435987843428,0.7780138715492473
0.4981387313252516,-0.4132875260462968,-0.1174795655997503,-0.07895836224536654,0.8869843133844358,-0.12631314761589293,0.6187621838414407,0.17792895199762052,0.7794416096932463
0.5229486471284337,-0.43906301964093886,-0.11151087839089091,-0.07932894910524278,0.8396906239753575,-0.20121058557123456,0.6166609167887745,0.17946928531471376,0.7786283113536778
0.5461776947731071,-0.34447529158228113,-0.11524591620676429,-0.08521731110825924,0.944020125643441,-0.25303409724528086,0.6158101192703729,0.18014216936586266,0.7782446940330728
0.5337574529573031,-0.43923872100841405,-0.11187938304671428,-0.08448356705050247,0.9752169198896634,-0.20740347047779717,0.60241043909142,0.17906431193927896,0.7806518006835385
0.5296035516204536,-0.3530975298895782,-0.11437917225567325,-0.08407283533079757,0.9803438624791638,-0.21667023224409498,0.5936298635274921,0.17868089284967603,0.7819679494955264
0.47552850711736766,-0.3759468672171829,-0.1057449674619861,-0.07776081779624444,0.9770501222745783,-0.15267340870067767,0.6183606054581406,0.17800943041357023,0.7794729790844765
0.442701947268222,-0.39934115349297633,-0.1022650181344314,-0.07444128119836153,1.0075909054940353,-0.14248203108556232,0.5962433727262372,0.17425876786528247,0.7846954960634817
0.38391566535260085,-0.39223166776213786,-0.09650898709115746,-0.06729105543243516,1.014996959503997,-0.15763115585037454,0.57751792062651,0.17146534090175852,0.7889026517818452
0.36456631096738634,-0.3968639572797086,-0.09406951152805743,-0.06451192534048743,0.997273760984831,-0.15106038902734825,0.5647195138800318,0.1699964987748507,0.7914123418025031
0.3614551283211346,-0.47579772406297777,-0.08870860385431889,-0.06841274644993776,1.110249123614036,-0.0842693047034856,0.5559713359879425,0.1688861555924059,0.7932242788385973
0.3592621207692264,-0.5212183552538935,-0.08627439458992302,-0.06842904881841427,1.1015811638427235,-0.053794842268958525,0.5480895995477807,0.16836019117463946,0.7945009834629714
0.35719585285024474,-0.4901828889029993,-0.0838474231003536,-0.06900277717566852,1.115808473472551,-0.036377074887815136,0.5408068044176348,0.16794671866562322,0.7956217996260712
0.3491041686213417,-0.5042907496467628,-0.08127243037031028,-0.06829182136849092,1.1241070365948262,-0.03079871984865713,0.5303450548332602,0.1676085343523226,0.7971102650728241
0.3245259272689221,-0.5858318801152951,-0.07660351407069478,-0.062944344830617,1.0480421599872305,0.0047348353509827695,0.5209271577201254,0.16720677273323795,0.7985668826815446
0.3205801969410962,-0.7641471201359332,-0.07354044082781919,-0.06411174242708036,1.093710867777973,0.1299869330119112,0.5237372415692233,0.16617966223866434,0.7989776097763925
0.3025138872971864,-0.7725319928660614,-0.07200318798554993,-0.06222194450189367,1.1016776709804226,0.15518530394612012,0.5100383577577003,0.16436854429787698,0.8018857112902597
0.26971917075209123,-0.8024147549824677,-0.06733418718445998,-0.058494975970174064,1.1134566504071588,0.18261186235109805,0.49795748604051515,0.16294128168155805,0.8043756601446763
0.25528942607247673,-0.8534718020383959,-0.06462707147701773,-0.05702569319444208,1.1279419815605767,0.20880557931574245,0.48582611191422415,0.1619452149690651,0.8065547811430055
0.22712921840644054,-0.8766863052132827,-0.06107270004201498,-0.05353480265458131,1.1291137190932166,0.21808691472303335,0.47352358017051155,0.1611749121436981,0.8086230791500869
0.4642929271684571,-0.6095563098319341,-0.08391573869195267,-0.07190235847987915,0.5561104254796826,0.277623477027223,0.6002723110961411,0.16747588440417646,0.7882863446715306
0.4393352165807779,-0.5942452885687846,-0.0833875057425592,-0.06703799123238467,0.49940206282102206,0.268688452053763,0.5832082123514566,0.16380201630105098,0.7928344448003918
0.41975902482213057,-0.5679076041220626,-0.08293327697349905,-0.06457272544751302,0.5092987681699697,0.25348673715227593,0.5737361534166836,0.16177627047477264,0.7953421557350239
0.4194466665139462,-0.690731827622183,-0.08576044598938541,-0.06400687185465875,0.5248814318034076,0.2214570109531383,0.5842964330172795,0.16479123144475374,0.7922637402129183
0.3937296353666744,-0.7024467792068569,-0.08633846320031285,-0.06134933510466942,0.5325940571304204,0.24350661583379093,0.5720518964945636,0.16170544287191047,0.7957655017677022
0.37559845110706647,-0.7352044245320556,-0.08519892399811073,-0.05825638022318615,0.503012281275006,0.2578419292466014,0.5639192904949054,0.15966054758055515,0.7980071454161489
0.3685736075673112,-0.7330174834113246,-0.08558100124794933,-0.05687416794627745,0.48543924032185237,0.2523491789937378,0.5605680624028702,0.15868966092565945,0.7988760772202663
0.36585895270456503,-0.7336802526753046,-0.0862245273576322,-0.05598951457559319,0.46590882669261025,0.2534998541677122,0.559944489635898,0.15847985179283858,0.7988615168627816
0.3647025115917942,-0.7390719979898301,-0.0864735045091051,-0.05524933554580493,0.4458196050384114,0.25459442571942964,0.5613459221498242,0.15893903468427623,0.7981270977489934
0.36836213771080906,-0.7331173356141772,-0.08734754067354647,-0.054969869326803415,0.42014199489185944,0.2494830520884687,0.5648243016372031,0.16008037128159164,0.7966547162261959
0.3353598052333584,-0.7134140919908147,-0.08450292475434384,-0.04997154276358947,0.3889644331206649,0.22569730149980818,0.5638998842396917,0.16068874493694954,0.7961990972074904
0.3082283757289374,-0.7191235818331942,-0.08368860135322108,-0.04940609817691603,0.5286472621090681,0.18501671927116814,0.5586691950907,0.16004884990636464,0.7973251692124954
0.2968027014524677,-0.6970955808752721,-0.08461656695897532,-0.04651776324729848,0.4980178762850748,0.1518149552544788,0.5561415693050967,0.1605617480707947,0.7971362127833193
0.2849019847507927,-0.6773254513279146,-0.08480838344305379,-0.04482487141138565,0.5094303111602246,0.12413089418523102,0.5531434845016966,0.16115138483374564,0.7969803261792384
0.32977753067649085,-0.49507461774602696,-0.08265980982309523,-0.05304880688352319,0.5333499456602957,0.19555805153028863,0.5672440797754497,0.1598205415584807,0.7963187456035489
0.3931905574514078,-0.5459945804049997,-0.07621158497656563,-0.05688071266074593,0.4528682815947865,0.09728678903412735,0.5886795334166947,0.1640645064977573,0.7907719070966186
0.3699619771889112,-0.5968765273024252,-0.07203612520403398,-0.05225988261150519,0.4003720351634179,0.11314263754531627,0.5771698581101119,0.16189994078105785,0.7936559110396109
0.3771975619613218,-0.4897153613617553,-0.07476329631396293,-0.052427685114560356,0.3814135478604531,0.041637102564599265,0.5809886016460806,0.1626354023361508,0.7926401137786655
0.4348274105812208,-0.8966708968617788,-0.07280362489747923,-0.06183431878266294,0.4398602809548583,0.1469239293087557,0.6324078332081458,0.17462834553425916,0.779186913987779
0.5031664751080016,-0.748123465514793,-0.08122457519308061,-0.06889470141888701,0.38457301226261725,0.15840965312121383,0.7035188417731062,0.19395772419332316,0.7581730662056768
0.4697214173608332,-0.7864276485608026,-0.0773947763074837,-0.06544636552304434,0.4090096523759179,0.17152727273653978,0.6837706544031412,0.1881435235421311,0.7642718115521743
0.4848025416246655,-0.5819646634414233,-0.08297135122490795,-0.0632670409970946,0.2749487050913484,0.04512970899356569,0.7235558028834127,0.21228093110975604,0.7461385048134755
0.4741902271880038,-0.5868211270970951,-0.08163478886189363,-0.06154970326975747,0.24969329278260038,0.0565347521621944,0.718202068558944,0.20994588500087089,0.7481527381865946
0.44968858077787477,-0.5932595643798186,-0.07921711277523874,-0.058899916956164935,0.25549004343573983,0.06481804642817147,0.71143449811352,0.20577279992876849,0.7513110193587935
0.4693203734601488,-0.6278365823129592,-0.07988032011772173,-0.061003713855723576,0.23592126250046724,0.08186250302918933,0.7091722253472539,0.20805570377669408,0.7505446015582097
0.4588236285852831,-0.6461455363301338,-0.07920595168659718,-0.05970445710601644,0.233008585792282,0.08636727179363593,0.7090666418240456,0.20600606891564924,0.7515708637662966
0.4588780615175778,-0.6456179465524557,-0.07879867607440837,-0.05966562472928395,0.22514889531811522,0.09091785143721108,0.7175068632579561,0.20476722887172177,0.750825018411546
0.4725133298800927,-0.6239325955937913,-0.0801535618680036,-0.061542432747080635,0.22296658126009286,0.0917771847010375,0.7358664552318592,0.20534358264039074,0.7475876756343289
0.4957026882228955,-0.6056235078414759,-0.08215162319661305,-0.06430160822235916,0.20932508173497882,0.09954158671792848,0.7638856475665202,0.20752402731858755,0.7420046781491876
0.5296765776823049,-0.5814410672982335,-0.0849602952692228,-0.06825929737032013,0.19091651310084298,0.1023561429115887,0.8014319414716912,0.21136221141499562,0.7340801457279237
0.5756479210544465,-0.5354229526236997,-0.08968327348088762,-0.07362039234822328,0.16824978362364212,0.10126882059467006,0.8468091097485068,0.21661240373218366,0.7242243676774892
0.5851936110023704,-0.45653230496429487,-0.09210114710593403,-0.074275432470833,0.13677159069672523,0.0806486602417103,0.8662962145351055,0.21893085489387992,0.7199820256060917
0.5020664781433162,-0.435085942246401,-0.08394890929170662,-0.06342070075437191,0.11802500253694748,0.04240286568370167,0.8487064438596449,0.21631806634110348,0.7241045225499618
0.5038543786833074,-0.39296020157145667,-0.08458380426468996,-0.06340626510438699,0.10228177994149434,0.030861692488612823,0.8699486242835404,0.21808376140197638,0.7197531922430176
0.5097632143255437,-0.3517376500112045,-0.08547221028041437,-0.06388425560786522,0.08563851671479433,0.020577965211520565,0.8924401674795843,0.2205459655858548,0.7148118474912576
0.5147527225249555,-0.3031103627286377,-0.08670795715863157,-0.06422752143261752,0.07521910891156686,0.002545066934880415,0.9124440502733668,0.22332192250532376,0.7100468655555121
0.5202409105817705,-0.2771420483357012,-0.08794212347373379,-0.06446119775597663,0.0598598770492963,-0.01238072310367114,0.9282664367379643,0.22618537543376305,0.7058136046210889
0.5111873208347665,-0.24334924382947415,-0.09192996011492349,-0.06432363232045482,0.07150552320263066,0.014302816039812132,0.937096823087569,0.22787616823787243,0.7033477609335512
0.49737159881239845,-0.29497364472813936,-0.0900347241255269,-0.060560583988237694,0.0018949418737566589,0.03954119133926471,0.9379635838479591,0.22895548048073935,0.7023608081428147
0.49149175873739503,-0.4327770375308032,-0.08666468420361431,-0.060718643961099286,0.025530449073355294,0.12816290867718724,0.934424306390398,0.22815658145077788,0.7033507029205485
0.4905107573753885,-0.6124465720847259,-0.07954148181971919,-0.060737327284242804,0.04272745132903343,0.12147574118072853,0.9306295552691435,0.22767309863354826,0.7044088995216528
0.4704955197043848,-0.6708927265856462,-0.07567233980751492,-0.05836195804119967,0.047883443912717365,0.14081496530595816,0.9218971201949728,0.22609438323715828,0.7062893840691119
0.4567171590358001,-0.6286384510965233,-0.075222350255125,-0.056209347419492545,0.023144535448009713,0.12394005763169659,0.9198515062113621,0.22575842949264951,0.7066150617529615
0.4151522883212748,-0.6292522881240679,-0.07062768898545933,-0.050625212478501304,0.006204293056304206,0.10787292973461349,0.9123525610080205,0.22473513548914456,0.7080153773042764
0.4207718898986228,-0.632075469460262,-0.06989000288597358,-0.04945566577122901,-0.08474634730094743,0.12987912878660154,0.9115898074728558,0.22499759572716646,0.7077611347928889
0.41688266856545264,-0.6645746130170535,-0.06738416779423816,-0.049599463127383676,-0.0789905541080807,0.15194944445873437,0.9062283508316316,0.22488932699502895,0.7082756689052072
0.4091482270467783,-0.6604656922071048,-0.06647012557034265,-0.048490742605456154,-0.0799652672959838,0.1433760172609249,0.9008797489089584,0.2253152806652543,0.7084908497394977
0.41995904560098524,-0.5858088044949971,-0.06534993276548176,-0.050489359560478175,-0.07477914698565187,0.155913920324268,0.9023367612302063,0.22591393759526066,0.7078069966059348
0.40292248080994375,-0.5660677370811906,-0.06832645091680715,-0.0498136308337918,-0.052862911044914376,0.19872341681010464,0.89754327159817,0.22556530743884937,0.7084950983968905
0.37652826415391405,-0.6824083242927217,-0.06322052154028412,-0.04290906348362343,-0.17140140560028994,0.24620593255405446,0.8930760261866826,0.2249567543870009,0.7094887541921183
0.36996910499776986,-0.6412832075730263,-0.0635546019529847,-0.04132294577973657,-0.19655916014379946,0.2188975969119476,0.8865581013927378,0.22457180889196343,0.7104040764400577
0.3607603615461514,-0.6910724375700086,-0.061117757451183835,-0.03967370014314653,-0.21171460165536723,0.2223803574009241,0.8763311240181156,0.22408690945666573,0.7118505865217765
0.33326029319438727,-0.7096625259450529,-0.0568253272695265,-0.03619681624776069,-0.21232492021145266,0.23753710643995107,0.8698857389971562,0.2235816017510837,0.7129360232876016
0.31851897761424997,-0.695188174930766,-0.05546865877518417,-0.033860113721045054,-0.2328866057025432,0.22981506995365558,0.8611053137069947,0.2232774874709019,0.7140947900569817
0.5262888577836713,-0.7627040232899597,-0.07700119353231916,-0.06250639356229758,-0.13080198378837218,0.3339087000793657,0.9041375651231026,0.22580576244799833,0.7073358427704293
0.5173459481980583,-0.7796263308360623,-0.076919654683568,-0.06309533682860831,-0.046635887741585114,0.3184969804102839,0.8966058982757679,0.22438181596225215,0.7090897725674986
0.5229879402227252,-0.8142809181224926,-0.07656695222236325,-0.06512973816953596,-0.0008370437186612277,0.3372559305164218,0.8889011304066308,0.22267966527689212,0.7108846254600839
0.525210842991089,-0.8139335974786954,-0.07727564207041042,-0.06604690641782295,0.03375497739027738,0.3313578112308959,0.8842244241305124,0.2220714491647579,0.7116296433776282
0.532228896356749,-0.8239858361010619,-0.0779074914027505,-0.06733579856093691,0.05470290069675747,0.33272042375685007,0.8803983385815553,0.22209424160220717,0.7118466210056352
0.5196199434465664,-0.8114069530126684,-0.08226821535543787,-0.06748906790358647,0.09004173903372194,0.3771474292812875,0.8785162697433863,0.2219388006244459,0.712042146458221
0.5163757116067187,-0.8355713442433598,-0.08259095371133543,-0.06695115657000013,0.08584743713216454,0.3938975136809027,0.8727958662596796,0.22210494552105328,0.7124612558670192
0.5217176274022313,-0.7299296252359515,-0.0854803101896128,-0.06698212706026954,0.07005118980360459,0.32604356370116866,0.873846806094619,0.22284337398257695,0.7117787441511889
0.5221277251009804,-0.6865822870425523,-0.08745711205234845,-0.06697130549487282,0.06887301896983626,0.3155660833718916,0.8680433506234206,0.2230139770278513,0.7122175516149831
0.4901285323540752,-0.7000823605120391,-0.08254145393499569,-0.06322995209548568,0.07792962346761417,0.3351070014837662,0.8647900898253189,0.22229584773191324,0.7131107280647537
0.485088226746912,-0.7269703242165207,-0.08148808745265279,-0.06276854878793883,0.09043537941104501,0.3431002204279975,0.855217453345677,0.22173061697450266,0.714538912468652
0.5359542302115201,-0.7601025611273605,-0.08630127797780919,-0.06954856673717853,0.11225886277154117,0.3725497992139935,0.8534873297338471,0.22258358260386218,0.7140748698658066
0.5114036106887414,-0.7690584909022185,-0.08556210633590815,-0.06948805807567181,0.26133858259359793,0.33076527365776215,0.8491207023508138,0.22189687422503357,0.7151427917815971
0.5034328451795479,-0.7471278748633232,-0.08731787216237087,-0.06698097744216085,0.23801842840387177,0.2947093152006678,0.8399724755036712,0.22131554210834983,0.7165410855469978
0.4909998998383681,-0.708250046106931,-0.08817083626085533,-0.06570640037900442,0.27596781632913625,0.25834960672464846,0.8347817308391475,0.22107326765894875,0.7173020218168837
0.5013774149204983,-0.6296035433197414,-0.08744749319556058,-0.06776199493174807,0.289374501455297,0.2674805191571041,0.8359629172477331,0.22125724114188905,0.7169462353035098
0.49937349050123186,-0.6185448668468615,-0.0867371148565091,-0.0675187799734833,0.30025317364989246,0.2559042266642842,0.8269324319329888,0.22060796176609526,0.7183434177986835
0.47214110773471024,-0.7402676182473018,-0.08157598273227053,-0.06037098858383933,0.17434545155195044,0.30815131455212497,0.8244572630556695,0.21996230548181914,0.7191545770982152
0.4698572224741106,-0.6788515253584972,-0.0824663597174398,-0.05925436583829441,0.1532100105755489,0.26306999832153666,0.8205139087784897,0.21969534943765331,0.7197173943174401
0.46312739025306665,-0.7513530269388763,-0.07915417286062047,-0.05799654290486073,0.1469988693204557,0.26100650311655527,0.8118196445944931,0.21896021789417283,0.7211967738417444
0.4761359891587784,-0.757323880264392,-0.08083258972777503,-0.05913418658460529,0.13454954576305403,0.24673924044065784,0.8077082020631347,0.2190722639310093,0.7215211355386751
0.4621392074816063,-0.659503383495553,-0.08177653283539091,-0.056715401546767484,0.09606480683321657,0.21263123032427306,0.8092587101689022,0.21913684877566864,0.7212527704132731
0.4609375918149027,-0.6570361319661973,-0.08177194125124461,-0.05622346651659569,0.0856101613042519,0.20460058860252436,0.8014031619809457,0.21847081083869055,0.7225091651752715
0.4384029451472983,-0.6655186253356695,-0.08113087977780661,-0.05619364041244908,0.22410780155309,0.16618000884465406,0.7967921887674589,0.21782437210715194,0.7235812766119414
0.45452926530718435,-0.7751684664052964,-0.07541128661386055,-0.06428692815668552,0.37753226407322327,0.2680223138987889,0.7987057273919433,0.21746679928994778,0.7236105397603122
0.4417889341508297,-0.7526233159782112,-0.07514331332626552,-0.06361625107911571,0.4258073351453389,0.24694382401537873,0.7935180377583088,0.2166314119536866,0.7247410410706697
0.4357971151129164,-0.7578199624244911,-0.0737985464016461,-0.06403039672452066,0.46565843021770087,0.2508036242991237,0.7856789469651599,0.21540501681151042,0.7263420701792214
0.4536947513210863,-0.7797426338269313,-0.069043102903352,-0.0648295327938085,0.44785270418631684,0.2015732802789094,0.7836637802648014,0.2158766396673495,0.7262265097197232
0.4473820504774165,-0.8198925887222274,-0.06621540849102936,-0.06332987719893365,0.4322383166175242,0.20476249355677126,0.7766528382211694,0.21537238229235814,0.7272947779759568
0.4350044526519551,-1.0083174879600687,-0.06559864361565745,-0.06375422993665922,0.459897097630682,0.38686909214700826,0.7908288171031893,0.21381442208340762,0.7271182635591852
0.4224383044712548,-1.070922801148671,-0.06258316168358745,-0.06254315499583635,0.47385701518121975,0.4070140162732714,0.7795144625236738,0.21108901775223474,0.7301336363424846
0.41089800982014946,-1.1125287443146308,-0.05998074034325687,-0.061398460632248845,0.4850665173080131,0.42627195095633086,0.7722561959245097,0.20945391034358365,0.731912814384328
0.40804131138223476,-1.1526335014846958,-0.058410158733409635,-0.06123395210204578,0.49431446577634514,0.442285803105218,0.7677714954294111,0.20878348538335256,0.7326951866123799
0.40744203039979354,-1.1814546648686512,-0.0572999240664609,-0.06119803225921275,0.49785065425587843,0.4531148550376285,0.7648098851649249,0.20886250360261124,0.7328003211354722
0.4248054741834433,-1.1844855338233589,-0.0575036058258769,-0.06124625350811029,0.3947271166880362,0.4843261085888628,0.767314200747393,0.20964224739070952,0.7318315151087498
0.4316146720010966,-1.2330117199916122,-0.05526153848117714,-0.06342694308110643,0.422132681500028,0.5223171350372185,0.7638065591722683,0.20976412877983794,0.7320244310109512
0.42222330397507746,-1.2019967416189683,-0.055552123430704856,-0.06254823918316056,0.4512147756219846,0.4978911515714641,0.760968351167091,0.20985464709157237,0.7322699387437394
0.4029343021603664,-1.3207154376928507,-0.057878648453470495,-0.05879534463009273,0.4322787864201573,0.46980683460059464,0.7630060527578642,0.20926300159760147,0.7326770797168917
0.42827615990436513,-1.338366426813233,-0.05260788974408235,-0.05982331809502511,0.39551041416078025,0.4096771263562942,0.7654689403924242,0.21024951931480568,0.731746735447712
0.4225222304735267,-1.3708916260990192,-0.0506245233225562,-0.05867400852508976,0.39098583671613074,0.4008330762364495,0.756430004777568,0.20851240420539863,0.7338486852418834
0.418761565846118,-1.438800589936533,-0.04836082778704366,-0.058183382257958764,0.3948812679396668,0.4256659891205984,0.7507855196366897,0.20772566091055758,0.7349446875710838
0.422773412175035,-1.292615948344017,-0.0539243309846383,-0.058676722067595354,0.38651019611733023,0.4196683768579324,0.755102698319103,0.20805429639985643,0.7341428300366115
0.42371658441841553,-1.287739434299832,-0.05435789167942143,-0.05859665924522357,0.38327931816166144,0.4162292818419613,0.7501894354928024,0.20731376990242814,0.735049865228865
0.4244281083095061,-1.279612994928482,-0.05464553359996811,-0.05841888388039257,0.37721476282133876,0.4122449389883372,0.7465953451111034,0.2072489380030225,0.7353488875621419
0.1910730975841006,-1.1844459326838135,-0.03182066952015496,-0.029244488453170507,0.33486287779414486,0.3152290409271884,0.750123713919413,0.20100749440434615,0.7403827430996952
0.16399170189012258,-1.1876842868968955,-0.029858134966458203,-0.02707671060406794,0.39323746032460094,0.29586541259922916,0.7411382466681106,0.19881678333438577,0.7429005023182239
0.1382967704932804,-1.1787563794264893,-0.027947262283077687,-0.023961365913643198,0.4010317513631756,0.2823200988466325,0.7330927176282823,0.1964563171124002,0.7452684008875191
0.12373419232486985,-1.1416271738622197,-0.028102180474191264,-0.02244920740828885,0.4306295134959929,0.2532424659517527,0.7311709146587712,0.19597899781590813,0.7457873302906503
0.11320000634562447,-1.1074636928766084,-0.026924299951152746,-0.021501968580877502,0.4431988958917719,0.24600607229217034,0.729315214779558,0.19503092029292265,0.7464153079281548
0.09385685902751063,-1.0952642685201257,-0.03415479008865722,-0.021631232729007098,0.4817185507470889,0.3292875584065247,0.7285618667051332,0.1945894459289262,0.7470566994525132
0.08979047134464395,-1.0501338317821869,-0.03585263450436759,-0.022706042504809256,0.5306535051158375,0.3191005116588385,0.7267262659269085,0.1935935744962449,0.7477436786129192
0.08115875198698817,-1.0321426683346022,-0.0365522646403288,-0.02234296267580716,0.5504139676133801,0.32210432321567656,0.7256257157331156,0.1928321244132651,0.748116800239512
0.07668714273613329,-1.0744108047912115,-0.03514473808639644,-0.0222071210285205,0.5647890992704657,0.3252603475426848,0.7253139204822263,0.19279250483239482,0.7479766068021093
0.0775492355999418,-1.0678021919801297,-0.03607913746006981,-0.022636195336624833,0.5737069639603323,0.3232147263487736,0.7268862723876204,0.1932491364172593,0.7472027987786031
0.08001402870583951,-1.0744416638791359,-0.03659116977747001,-0.023232944912479687,0.5839466030049655,0.3258285455253668,0.7284892868684608,0.1941028542517288,0.7461774686049554
0.10072084993274587,-1.084964766393367,-0.03886225636927279,-0.02607843524096224,0.5942525209578846,0.3351205500935971,0.7309858829305907,0.19547987420129337,0.7447019464516156
0.11689209538325178,-1.0853773733491874,-0.039843857746267176,-0.02684874948098443,0.5333718046242505,0.3525202217669014,0.7332014291833695,0.19687537873637367,0.7432936238120337
0.12122990436628095,-1.0740784476370708,-0.04127921268903827,-0.026205211820131802,0.4985703127059569,0.341088377495977,0.7313858016325793,0.19808710523692608,0.7425593973204231
0.13858031788028682,-1.1365029115742946,-0.04023362722120884,-0.02794747983455061,0.4513679100696749,0.3881284722996514,0.7339295157297102,0.19822139098027097,0.7421319377822384
0.15121331404155564,-1.0520086554478985,-0.039231842808508395,-0.030367204870762422,0.461503729631459,0.4035857654549466,0.7372932101827525,0.19844695100259016,0.7414922356234036
0.1646588971897524,-1.0668351342796023,-0.03564543721044598,-0.03079175475740922,0.4359157248519873,0.37520839319264543,0.7324780079587357,0.1983757460817772,0.7420674244095257
0.17149850920511372,-1.0520082696653505,-0.03532511383961313,-0.031974090604083606,0.44703482867656824,0.36580039539078296,0.7262829628367236,0.19814181515584048,0.74289025115385
0.17716222019729713,-1.0027030579822167,-0.03593475919491198,-0.032207288895928964,0.4341284728860283,0.3307934508603266,0.7222699768171841,0.1984800674916171,0.743073605230558
0.18139806866163508,-0.9402951044860538,-0.03766495690748082,-0.03250457311895295,0.42527032253718694,0.3196256201483551,0.7179006880946359,0.19880390041440216,0.7433122169373491
0.21908911070329617,-0.9336285574066862,-0.04358917506509515,-0.037020922042815714,0.4168168583706397,0.3010525399063502,0.7261301711109195,0.19953178706139166,0.7417644779855667
0.22525862434947455,-0.955388027075153,-0.0437062337840065,-0.03788938211380717,0.42593351399066487,0.3028545724026258,0.7176771099624084,0.19881598078122864,0.7432387929540702
0.4097279135221702,-1.0550970552067918,-0.06152171005439192,-0.06324278986407267,0.5028882481593284,0.44958494152096456,0.7802832226308963,0.20339899018551733,0.7325494154620079
0.41587668041833853,-1.0754810729701616,-0.06223908284421173,-0.06452287897935068,0.5235322914987318,0.46064345784734806,0.7695665468351884,0.20052599440087523,0.7356325061376189
0.42661499211208276,-1.0915062781416809,-0.06323463451206515,-0.06627150073922308,0.5386810212901223,0.4715733433638521,0.7637750089240057,0.1988515494619837,0.7372534243426033
0.4425560089052255,-1.1223526430674757,-0.06371739603073177,-0.06818002520690432,0.5243657414515389,0.494568804884458,0.7630190043826769,0.19854536888130353,0.737373738624444
0.44345764934005544,-1.0069162825525382,-0.061433573912455394,-0.06921945605313258,0.5351407368807888,0.5023442980930757,0.7683649491422077,0.19910319312904648,0.7365255849578743
0.42905887981790186,-0.988597332484603,-0.06502332751931741,-0.06896298044909079,0.562131687973393,0.544737722279596,0.7665201710649422,0.1982827775584065,0.7372398749020592
0.4321987892657929,-0.9705521761753669,-0.06620559019616587,-0.07023745265118603,0.5835416564455627,0.5556960908764388,0.7639590607968194,0.1971400339337862,0.7380722688717885
0.43696117298024806,-0.9601819323024643,-0.06723917872998979,-0.07128071874770865,0.5914825761790026,0.5678012986348522,0.764178791746478,0.19685012660547033,0.7379502690084012
0.4413160278533277,-0.8478651577613362,-0.0716329016361244,-0.07188344114668815,0.586040767089763,0.5655110976446964,0.7675325874887287,0.1971414179236679,0.7371985775905076
0.4557591415709639,-0.8213453975115119,-0.07447927936801953,-0.07379361149925652,0.5850796674886172,0.5640768785841063,0.7689543994673262,0.19744809066582228,0.7365742595849227
0.4675320255785079,-0.8981356357035839,-0.07388379412240101,-0.07580629184306531,0.615871950479895,0.5920818014523462,0.7673667278765823,0.19741271268209518,0.7367859298413328
0.4461337196815845,-0.8847925065585801,-0.07211315272899366,-0.07308302413197525,0.6122886066190596,0.5838506238060314,0.7635409958220829,0.19693473517568943,0.7374333398449507
0.450311059241445,-0.8828843553512057,-0.07240782280223923,-0.0732049518950763,0.5918136931191076,0.592316424782602,0.762210952393478,0.1972405494257333,0.7371893957776752
0.4514295680713339,-0.8735699160289181,-0.07311895474632919,-0.0727419020391552,0.5744426529010139,0.5870949970465359,0.7605040254758829,0.1978902112463928,0.7367799556597147
0.4613823487674143,-0.9011538757022353,-0.07292403059681012,-0.07355236384722524,0.5459225387476768,0.6076144679227742,0.7595523659043864,0.19867293187807228,0.7362467754516833
0.47319846448494646,-0.8246160593785716,-0.07211547045039109,-0.07572226831777477,0.5525263624655796,0.6217533784172521,0.7618389617855944,0.19906901879462463,0.735601557106173
0.4490763670177995,-0.7994623471457001,-0.07763833893476256,-0.07494150577187915,0.5910204625591147,0.683060481492453,0.76050476867333,0.1983778803791942,0.7362383924325375
0.4565973189701697,-0.7467773510545164,-0.08011715731188956,-0.07781934546353388,0.6495485442720695,0.6718110379993594,0.7569756313810834,0.19809257962518115,0.7367775908516259
0.45778616070274764,-0.6770244034569615,-0.08211911625222094,-0.078019480073725,0.650034462122101,0.6363696527319868,0.7540929699549554,0.1980923241149845,0.7370423188885086
0.4609478485564074,-0.5361182699032092,-0.0873920155618,-0.0783868966532366,0.6415670906231329,0.6305264721373921,0.7576528233957875,0.1983256610870522,0.7363705980667773
0.4416729981987604,-0.5215508615101655,-0.08554919755666156,-0.07629461274904306,0.650733933687574,0.6390979845863092,0.7514080603211789,0.19749647194114883,0.7376809481874682
0.43599837348038034,-0.5034185215743947,-0.08579541281065116,-0.07585720743855416,0.65884500817719,0.6406514319953256,0.744069589823545,0.19683779156124587,0.738949277823824
0.3867323281756887,-0.46609694222543935,-0.08152982357561943,-0.06941146904912208,0.6447342017523866,0.6142058729239126,0.7367617142923808,0.19608379647083363,0.7403811142985491
0.37713231663175334,-0.44923804109755716,-0.08089548959718079,-0.06786637549207988,0.6268822991445401,0.6133245091780277,0.7300352003094381,0.19591072382336283,0.7412662483090817
0.38728282956810195,-0.5366461071619326,-0.07604219031819817,-0.07418445914172761,0.7572157594062698,0.6928091081304395,0.7279675060584756,0.1955417988630717,0.741773997055819
0.3729699186697955,-0.4587551203973975,-0.07829423579567642,-0.07228867567316156,0.794801088260734,0.6326803773618067,0.7328214067245542,0.1956052823669061,0.7411993998893246
0.381690635508037,-0.38888753026913225,-0.07741280192561814,-0.07415645240374895,0.8062009509805516,0.6451396123007014,0.7343067690255635,0.19563155601254054,0.7409317261463613
0.37563971895078785,-0.381752502051222,-0.07570642557013701,-0.07384653556998476,0.8234318009595146,0.6423167411775681,0.7255087682253852,0.19423150263178673,0.742898803591811
0.3543096098196586,-0.48718262775530563,-0.07161403497472175,-0.0677492290611812,0.7102047186896215,0.6854103549473212,0.724362933778063,0.19403377478699832,0.743276139137431
0.3456527502892403,-0.47805966433554653,-0.07059697914424558,-0.06635881632820777,0.7013953290304369,0.6784262214057213,0.7171130628750052,0.1928641518389102,0.7448774313070193
0.3394352148345956,-0.474374133300151,-0.06985893453458977,-0.06533778538497241,0.6935426082153391,0.6812072682921717,0.711314338041623,0.1922618325682715,0.7458937675977638
0.3397602918136724,-0.47598142229239615,-0.06972734325487027,-0.06505792205125319,0.6838626991762125,0.6803259959397047,0.7071440603792886,0.19231360715537651,0.7462575897878577
0.32880387137879624,-0.3977990344090233,-0.07043078550014349,-0.0630946080795085,0.6512938091569765,0.6532566644403279,0.7073680747659172,0.19250868832508147,0.7460402883477982
0.27244954737486893,-0.36177947859225434,-0.06513511388018517,-0.0555116996263823,0.6284228692214331,0.6206115204785699,0.7005242155470202,0.19166142474241132,0.7475124878151164
0.2576741242017363,-0.3824038774204294,-0.06567364708522239,-0.057672085417270855,0.8213607453984042,0.581216805027785,0.701722443341716,0.19108038985952736,0.7479634132248437
0.24545728164248024,-0.414073516445517,-0.06274073602127457,-0.05840586242274627,0.8903186857950929,0.6005791449048656,0.6924189783222822,0.1894484657853934,0.7502166465683162
0.23215224542668939,-0.4196780084878144,-0.061312810825191195,-0.05749850078155243,0.9194714073446606,0.5971002308478168,0.6843002568504492,0.18836363844662304,0.7519083761700486
0.2194431720522133,-0.4698697097396726,-0.06116007215411503,-0.055796108818484784,0.9280221086363433,0.5862840654686173,0.6787094188709375,0.18797957169449978,0.752857184073119
0.20239826650703666,-0.4722766623087033,-0.0625634231137553,-0.05480146082101023,0.9569034780818337,0.6053682636528795,0.6723600776899947,0.18740147693813047,0.7540058217837791
0.18889068994970667,-0.5054851698140003,-0.06132774316951848,-0.05274161795515947,0.9469268916378091,0.6153492860046264,0.6655974120708874,0.187173107293821,0.7549746239610315
0.18263133934485506,-0.4955288630642051,-0.061532773331411224,-0.05191908700231842,0.9491291440881707,0.6009855325137434,0.6601810618453677,0.18739573244784816,0.7554531274990401
0.19383947960473913,-0.7526520486352183,-0.051791364136395464,-0.05327857452053436,0.9548158421123332,0.6184508027064028,0.6731941515477566,0.18625182547363947,0.7547765241517806
0.18681759243739032,-0.7908008255064787,-0.050552862341805276,-0.0526218638777449,0.9650975335215352,0.617822799784798,0.6627904709607925,0.1845114829778468,0.7572569340766725
0.1799057690817079,-0.8290161272528505,-0.04908539591090377,-0.051926506625685494,0.9741322922525582,0.620193930220921,0.6543442211139264,0.18339254148865286,0.7590383459933814
0.03997016659696502,-0.6224505673212548,-0.03848108644488452,-0.03311982681374228,0.9058465167266423,0.5310364496594331,0.6678647375531164,0.18293719275701847,0.7581444300948986
0.009748243890729341,-0.631038965666198,-0.03573904564160426,-0.03000580425734998,0.935354612254826,0.5184683260732904,0.6559058269749719,0.18030147246089684,0.7614434718401726
0.0062955036505140454,-0.5481550594133877,-0.040791886386630866,-0.024856283605490515,0.8121202150358419,0.44782040881672486,0.659208016607212,0.18119142046080614,0.7604364384212331
-0.013337885778686224,-0.5218646498288212,-0.0403816331819612,-0.02217577830761049,0.8197821087184424,0.4209656177638683,0.6535311643717817,0.17986472151527463,0.7619957717139073
-0.030424933208968073,-0.5224855477846831,-0.039922502745906675,-0.01942473095071197,0.8091212789507632,0.40190792643937,0.6486329247950535,0.17873710718952235,0.7632484684329687
-0.04906847597406507,-0.5057911380261737,-0.042206155683744986,-0.0177567822659708,0.8200080833583316,0.4183994906079445,0.6463175923311805,0.17814621676968606,0.7638300686925038
-0.06488223075524696,-0.5272651794957136,-0.04115507066677204,-0.014560455649077814,0.7823360876054027,0.423575798713157,0.6438994803680749,0.1778605248580888,0.7641858645357279
-0.062107849550362595,-0.43866786956261156,-0.043312410413656466,-0.014259348265162989,0.7653729655434133,0.3642877590527417,0.6461207191693347,0.17827221335856464,0.7635451072113008
-0.06884130817422557,-0.3975405133335421,-0.04454975219477452,-0.013001208129699163,0.7529553995423092,0.35030469896595395,0.6442958106018083,0.17813184207170546,0.7637030828636017
-0.06975884004414105,-0.37852450604722415,-0.04562499880954026,-0.012420757621705506,0.7398236364233686,0.33623105999706365,0.6435188110978295,0.17849937562823248,0.7633680567698211
-0.06369390341231589,-0.4211779558515164,-0.04550059635988091,-0.013237336722691057,0.7520021069790187,0.34697859036714984,0.6421198575470638,0.1788519370378852,0.7632085803298905
-0.0001826971461132213,-0.45683104588330653,-0.05160296220284606,-0.021564173548619687,0.770875375666773,0.3813927678401444,0.6465006731971198,0.1799113368313123,0.7617810831347649
0.009662954668215835,-0.46432979079936504,-0.05269635443962462,-0.022495932742986644,0.7620254375189215,0.38614746015305107,0.6433186353226871,0.18010019724491763,0.7619304778586232
0.02231872268495029,-0.5488359091995346,-0.048404826491970705,-0.02883559443498205,0.8857031696558373,0.4617068378303317,0.6422149012114823,0.17985691103223875,0.7622307271059638
0.03430253323475254,-0.5919300655292439,-0.04780663301461417,-0.03056546501065031,0.8765060103490457,0.49260776424875796,0.6395608675521554,0.1798984866225168,0.7624674209618141
0.046033275518975306,-0.521765055549298,-0.04690469846251355,-0.03283872476649972,0.8874230507750802,0.5080321666854816,0.6412366479410254,0.18005878430239852,0.7620794918954364
0.05232447139636324,-0.5317002584110209,-0.045409231600406184,-0.03377348650813074,0.8926034257147637,0.5109579157859991,0.6352879435760581,0.17964423987140835,0.763057185017884
0.04436588676306767,-0.5838461844215744,-0.0428663315559975,-0.03146074023910579,0.8470571356284434,0.5369970131878775,0.6297782987986478,0.17938412601595985,0.763921245091128
0.05097590406141604,-0.42433908683686666,-0.047302826507888855,-0.03141377578079556,0.8263776515407859,0.43169313038178503,0.6392203260721098,0.180120067931867,0.7621820309388226
0.04758317268185029,-0.37720756004270634,-0.048261070046223174,-0.030944368956550974,0.8229964361245272,0.42385897467854167,0.6325595533338537,0.17914913743198368,0.7636507504783513
0.048020794975618966,-0.36241893325433433,-0.04855937642501002,-0.030874348472127423,0.8189030486398786,0.41579010664749355,0.6264583511460237,0.1786139597034202,0.7647338351517361
0.04698981649022178,-0.34388912553877193,-0.048693793624290826,-0.030560833470734194,0.8120543511219762,0.4070477065568291,0.621199147192818,0.1784889788800309,0.7654259327506682
0.08343187357153277,-0.35662921748624404,-0.05214268136295698,-0.03524908983110789,0.8196998997400026,0.4225253355215904,0.6200853215229403,0.17918389955369823,0.7649833961156025
0.08785462584608976,-0.3543772980018762,-0.05269129976145441,-0.03591323649219484,0.8286185290246544,0.4177197735575424,0.6145369435514876,0.17939078801938654,0.765512677669128
0.08016876344093246,-0.28376450410538523,-0.056627606001922945,-0.030845259920890076,0.723201253003997,0.35240942795732455,0.6123664737786984,0.17983707938653937,0.7654683215815212
0.07997994441330603,-0.27402365970119735,-0.05737669651130222,-0.030064014990418098,0.7053235971314321,0.3399095552008212,0.6052356872411759,0.17986512838561539,0.7663654495858431
0.07770173725203906,-0.2804379829534131,-0.058103892806360795,-0.02898415556963011,0.688587799354387,0.32613608686390233,0.5978129702946414,0.18005408733299938,0.7672164884498864
0.08089361430725277,-0.28269298845588336,-0.05764662498583511,-0.028421007276570077,0.6691998070503595,0.3059804237294867,0.5905752332128391,0.18047151604067746,0.7678951777230831
0.08950983084717797,-0.2439272844279884,-0.059471398006422156,-0.030290415555882754,0.7016542885460662,0.27955402701929877,0.5847689643347612,0.18093721999059093,0.768356438048925
0.09283350878398551,-0.16957571187665527,-0.061368302142950644,-0.03008020033274433,0.6885774140887708,0.22381458939374002,0.5808743829635413,0.18142018182373432,0.7685541247063536
0.09333549134109788,-0.48926737662137315,-0.05017100214848522,-0.030856422353471913,0.7096466091646457,0.28414123661853863,0.6050464199433656,0.18136378562806565,0.7653038568893527
0.07295194704539035,-0.5146749118649766,-0.04704724657208824,-0.028515547241207174,0.7201937486398338,0.28697782590313675,0.5943034679419384,0.17949133653039237,0.7680479377045629
0.06891787283401184,-0.5680941661612677,-0.04527498212759539,-0.028298035448659872,0.7386532080271022,0.29578210510891906,0.5856662748320468,0.17822965441463012,0.7700597345162296
0.047245086904046926,-0.58567227060865,-0.04246333159282531,-0.02554527975157846,0.7406798216146028,0.2862234427559471,0.576315380950279,0.17699913724528787,0.772144650040208
0.03849918655285083,-0.6078759954507669,-0.040971492562329695,-0.024540814449114073,0.7497056014154835,0.2814014903035484,0.5686136955192367,0.1763636371756486,0.7735791210901141
0.031110407853791006,-0.6177851884301823,-0.04024668250426156,-0.023035150863935868,0.7388794344268774,0.26892645525858205,0.5618936749774621,0.176193197528097,0.774569024836591
0.01603712775601344,-0.5693788429822406,-0.040881385516207354,-0.021568619829034155,0.7785852661869763,0.23229380411141712,0.5599115244000235,0.17588251162306223,0.7750762344461061
0.04288029005335729,-0.45547427743723173,-0.04041634423632659,-0.026092473707354624,0.7847277261103145,0.2654067834886635,0.5716110422050215,0.17670622728994087,0.7728961863689384
0.03259131110400163,-0.44349591789476767,-0.03953771168734545,-0.02519979586748606,0.7980048372556519,0.26585349348379206,0.5623405882650004,0.175128888343993,0.77519181895827
0.01353117553767465,-0.5365877221682599,-0.03581304610318485,-0.01974967784310648,0.696047694944991,0.3056229822493735,0.5619038102765989,0.17503662751756355,0.7753669731793021
0.0031840533895420467,-0.5881419027211184,-0.03365648768220727,-0.018557985642258756,0.6980783894450131,0.3396375885768718,0.554726147728425,0.17382521193563807,0.7771462940110448
0.02831161871302992,-0.3316755327585532,-0.04499512896449819,-0.022216664294286294,0.7013193903080578,0.3089207817796944,0.5749098440106084,0.17628359497828724,0.7728472731237773
